Tiempo (s), Cal1 (%), Cal2 (%), Temp1 (°C), Temp2 (°C), Set1 (°C), Set2 (°C)
0.000000000000000000e+00,0.000000000000000000e+00,0.000000000000000000e+00,3.709700000000000131e+01,3.650999999999999801e+01,4.000000000000000000e+01,4.000000000000000000e+01
1.003252267837524414e+00,0.000000000000000000e+00,1.000000000000000000e+02,3.699900000000000233e+01,3.650999999999999801e+01,4.000000000000000000e+01,4.000000000000000000e+01
2.007738351821899414e+00,0.000000000000000000e+00,1.000000000000000000e+02,3.685199999999999676e+01,3.655899999999999750e+01,4.000000000000000000e+01,4.000000000000000000e+01
3.011443614959716797e+00,0.000000000000000000e+00,1.000000000000000000e+02,3.690100000000000335e+01,3.646099999999999852e+01,4.000000000000000000e+01,4.000000000000000000e+01
4.013034343719482422e+00,0.000000000000000000e+00,1.000000000000000000e+02,3.695000000000000284e+01,3.655899999999999750e+01,4.000000000000000000e+01,4.000000000000000000e+01
5.026998281478881836e+00,0.000000000000000000e+00,1.000000000000000000e+02,3.660799999999999699e+01,3.636399999999999721e+01,4.000000000000000000e+01,4.000000000000000000e+01
6.032348871231079102e+00,0.000000000000000000e+00,1.000000000000000000e+02,3.680400000000000205e+01,3.646099999999999852e+01,4.000000000000000000e+01,4.000000000000000000e+01
7.042814731597900391e+00,0.000000000000000000e+00,1.000000000000000000e+02,3.665699999999999648e+01,3.660799999999999699e+01,4.000000000000000000e+01,4.000000000000000000e+01
8.045202493667602539e+00,0.000000000000000000e+00,1.000000000000000000e+02,3.670600000000000307e+01,3.670600000000000307e+01,4.000000000000000000e+01,4.000000000000000000e+01
9.060783386230468750e+00,0.000000000000000000e+00,1.000000000000000000e+02,3.646099999999999852e+01,3.709700000000000131e+01,4.000000000000000000e+01,4.000000000000000000e+01
1.006531810760498047e+01,0.000000000000000000e+00,1.000000000000000000e+02,3.650999999999999801e+01,3.695000000000000284e+01,4.000000000000000000e+01,4.000000000000000000e+01
1.107542395591735840e+01,0.000000000000000000e+00,1.000000000000000000e+02,3.655899999999999750e+01,3.704800000000000182e+01,4.000000000000000000e+01,4.000000000000000000e+01
1.207692098617553711e+01,0.000000000000000000e+00,1.000000000000000000e+02,3.660799999999999699e+01,3.734100000000000108e+01,4.000000000000000000e+01,4.000000000000000000e+01
1.308936047554016113e+01,0.000000000000000000e+00,1.000000000000000000e+02,3.660799999999999699e+01,3.743900000000000006e+01,4.000000000000000000e+01,4.000000000000000000e+01
1.409283161163330078e+01,0.000000000000000000e+00,1.000000000000000000e+02,3.646099999999999852e+01,3.753699999999999903e+01,4.000000000000000000e+01,4.000000000000000000e+01
1.509469032287597656e+01,0.000000000000000000e+00,1.000000000000000000e+02,3.660799999999999699e+01,3.778099999999999881e+01,4.000000000000000000e+01,4.000000000000000000e+01
1.610548353195190430e+01,0.000000000000000000e+00,1.000000000000000000e+02,3.655899999999999750e+01,3.797699999999999676e+01,4.000000000000000000e+01,4.000000000000000000e+01
1.711225819587707520e+01,0.000000000000000000e+00,1.000000000000000000e+02,3.646099999999999852e+01,3.797699999999999676e+01,4.000000000000000000e+01,4.000000000000000000e+01
1.812460708618164062e+01,0.000000000000000000e+00,1.000000000000000000e+02,3.641299999999999670e+01,3.827000000000000313e+01,4.000000000000000000e+01,4.000000000000000000e+01
1.913447952270507812e+01,0.000000000000000000e+00,1.000000000000000000e+02,3.665699999999999648e+01,3.856300000000000239e+01,4.000000000000000000e+01,4.000000000000000000e+01
2.014929699897766113e+01,0.000000000000000000e+00,1.000000000000000000e+02,3.660799999999999699e+01,3.890500000000000114e+01,4.000000000000000000e+01,4.000000000000000000e+01
2.115908765792846680e+01,0.000000000000000000e+00,1.000000000000000000e+02,3.655899999999999750e+01,3.895400000000000063e+01,4.000000000000000000e+01,4.000000000000000000e+01
2.217354750633239746e+01,0.000000000000000000e+00,1.000000000000000000e+02,3.670600000000000307e+01,3.919800000000000040e+01,4.000000000000000000e+01,4.000000000000000000e+01
2.318190956115722656e+01,0.000000000000000000e+00,1.000000000000000000e+02,3.675500000000000256e+01,3.929599999999999937e+01,4.000000000000000000e+01,4.000000000000000000e+01
2.419265723228454590e+01,0.000000000000000000e+00,1.000000000000000000e+02,3.675500000000000256e+01,3.954099999999999682e+01,4.000000000000000000e+01,4.000000000000000000e+01
2.519449472427368164e+01,0.000000000000000000e+00,1.000000000000000000e+02,3.675500000000000256e+01,3.958899999999999864e+01,4.000000000000000000e+01,4.000000000000000000e+01
2.620234918594360352e+01,0.000000000000000000e+00,8.299999999999840838e+01,3.690100000000000335e+01,3.983400000000000318e+01,4.000000000000000000e+01,4.000000000000000000e+01
2.721514248847961426e+01,0.000000000000000000e+00,0.000000000000000000e+00,3.685199999999999676e+01,4.027400000000000091e+01,4.000000000000000000e+01,4.000000000000000000e+01
2.821748733520507812e+01,0.000000000000000000e+00,0.000000000000000000e+00,3.690100000000000335e+01,4.042000000000000171e+01,4.000000000000000000e+01,4.000000000000000000e+01
2.921973443031311035e+01,0.000000000000000000e+00,0.000000000000000000e+00,3.704800000000000182e+01,4.061599999999999966e+01,4.000000000000000000e+01,4.000000000000000000e+01
3.022662186622619629e+01,0.000000000000000000e+00,0.000000000000000000e+00,3.709700000000000131e+01,4.081099999999999994e+01,4.000000000000000000e+01,4.000000000000000000e+01
3.122719597816467285e+01,0.000000000000000000e+00,0.000000000000000000e+00,3.719500000000000028e+01,4.090899999999999892e+01,4.000000000000000000e+01,4.000000000000000000e+01
3.223884129524230957e+01,0.000000000000000000e+00,0.000000000000000000e+00,3.719500000000000028e+01,4.095799999999999841e+01,4.000000000000000000e+01,4.000000000000000000e+01
3.324049329757690430e+01,0.000000000000000000e+00,0.000000000000000000e+00,3.719500000000000028e+01,4.115299999999999869e+01,4.000000000000000000e+01,4.000000000000000000e+01
3.424934053421020508e+01,0.000000000000000000e+00,0.000000000000000000e+00,3.734100000000000108e+01,4.115299999999999869e+01,4.000000000000000000e+01,4.000000000000000000e+01
3.525211262702941895e+01,0.000000000000000000e+00,0.000000000000000000e+00,3.739000000000000057e+01,4.129999999999999716e+01,4.000000000000000000e+01,4.000000000000000000e+01
3.625903558731079102e+01,0.000000000000000000e+00,0.000000000000000000e+00,3.748799999999999955e+01,4.149600000000000222e+01,4.000000000000000000e+01,4.000000000000000000e+01
3.726145005226135254e+01,0.000000000000000000e+00,0.000000000000000000e+00,3.753699999999999903e+01,4.154399999999999693e+01,4.000000000000000000e+01,4.000000000000000000e+01
3.826484799385070801e+01,0.000000000000000000e+00,0.000000000000000000e+00,3.758599999999999852e+01,4.159300000000000352e+01,4.000000000000000000e+01,4.000000000000000000e+01
3.926578044891357422e+01,0.000000000000000000e+00,0.000000000000000000e+00,3.753699999999999903e+01,4.193500000000000227e+01,4.000000000000000000e+01,4.000000000000000000e+01
4.027476572990417480e+01,0.000000000000000000e+00,0.000000000000000000e+00,3.758599999999999852e+01,4.193500000000000227e+01,4.000000000000000000e+01,4.000000000000000000e+01
4.127846550941467285e+01,0.000000000000000000e+00,0.000000000000000000e+00,3.753699999999999903e+01,4.208200000000000074e+01,4.000000000000000000e+01,4.000000000000000000e+01
4.229164290428161621e+01,0.000000000000000000e+00,0.000000000000000000e+00,3.763400000000000034e+01,4.198400000000000176e+01,4.000000000000000000e+01,4.000000000000000000e+01
4.329242396354675293e+01,0.000000000000000000e+00,0.000000000000000000e+00,3.763400000000000034e+01,4.217999999999999972e+01,4.000000000000000000e+01,4.000000000000000000e+01
4.429395651817321777e+01,0.000000000000000000e+00,0.000000000000000000e+00,3.763400000000000034e+01,4.217999999999999972e+01,4.000000000000000000e+01,4.000000000000000000e+01
4.530207252502441406e+01,0.000000000000000000e+00,0.000000000000000000e+00,3.763400000000000034e+01,4.222899999999999920e+01,4.000000000000000000e+01,4.000000000000000000e+01
4.631707334518432617e+01,0.000000000000000000e+00,0.000000000000000000e+00,3.773199999999999932e+01,4.213100000000000023e+01,4.000000000000000000e+01,4.000000000000000000e+01
4.731828689575195312e+01,0.000000000000000000e+00,0.000000000000000000e+00,3.787899999999999778e+01,4.208200000000000074e+01,4.000000000000000000e+01,4.000000000000000000e+01
4.832339239120483398e+01,0.000000000000000000e+00,0.000000000000000000e+00,3.782999999999999829e+01,4.208200000000000074e+01,4.000000000000000000e+01,4.000000000000000000e+01
4.932427906990051270e+01,0.000000000000000000e+00,0.000000000000000000e+00,3.797699999999999676e+01,4.203300000000000125e+01,4.000000000000000000e+01,4.000000000000000000e+01
5.032531905174255371e+01,0.000000000000000000e+00,0.000000000000000000e+00,3.817199999999999704e+01,4.203300000000000125e+01,4.000000000000000000e+01,4.000000000000000000e+01
5.132573413848876953e+01,0.000000000000000000e+00,0.000000000000000000e+00,3.812299999999999756e+01,4.213100000000000023e+01,4.000000000000000000e+01,4.000000000000000000e+01
5.232606363296508789e+01,0.000000000000000000e+00,0.000000000000000000e+00,3.812299999999999756e+01,4.203300000000000125e+01,4.000000000000000000e+01,4.000000000000000000e+01
5.332709765434265137e+01,0.000000000000000000e+00,0.000000000000000000e+00,3.836800000000000210e+01,4.213100000000000023e+01,4.000000000000000000e+01,4.000000000000000000e+01
5.432757878303527832e+01,0.000000000000000000e+00,0.000000000000000000e+00,3.836800000000000210e+01,4.208200000000000074e+01,4.000000000000000000e+01,4.000000000000000000e+01
5.532900404930114746e+01,0.000000000000000000e+00,0.000000000000000000e+00,3.831900000000000261e+01,4.208200000000000074e+01,4.000000000000000000e+01,4.000000000000000000e+01
5.633538174629211426e+01,0.000000000000000000e+00,0.000000000000000000e+00,3.851400000000000290e+01,4.198400000000000176e+01,4.000000000000000000e+01,4.000000000000000000e+01
5.733596849441528320e+01,0.000000000000000000e+00,0.000000000000000000e+00,3.836800000000000210e+01,4.198400000000000176e+01,4.000000000000000000e+01,4.000000000000000000e+01
5.833616042137145996e+01,0.000000000000000000e+00,0.000000000000000000e+00,3.836800000000000210e+01,4.203300000000000125e+01,4.000000000000000000e+01,4.000000000000000000e+01
5.933745026588439941e+01,0.000000000000000000e+00,0.000000000000000000e+00,3.836800000000000210e+01,4.193500000000000227e+01,4.000000000000000000e+01,4.000000000000000000e+01
6.033877992630004883e+01,0.000000000000000000e+00,0.000000000000000000e+00,3.846500000000000341e+01,4.188700000000000045e+01,4.000000000000000000e+01,4.000000000000000000e+01
6.133949327468872070e+01,0.000000000000000000e+00,0.000000000000000000e+00,3.851400000000000290e+01,4.193500000000000227e+01,4.000000000000000000e+01,4.000000000000000000e+01
6.235054874420166016e+01,0.000000000000000000e+00,0.000000000000000000e+00,3.856300000000000239e+01,4.188700000000000045e+01,4.000000000000000000e+01,4.000000000000000000e+01
6.335175085067749023e+01,0.000000000000000000e+00,0.000000000000000000e+00,3.846500000000000341e+01,4.183800000000000097e+01,4.000000000000000000e+01,4.000000000000000000e+01
6.435629296302795410e+01,0.000000000000000000e+00,0.000000000000000000e+00,3.856300000000000239e+01,4.178900000000000148e+01,4.000000000000000000e+01,4.000000000000000000e+01
6.536083531379699707e+01,0.000000000000000000e+00,0.000000000000000000e+00,3.856300000000000239e+01,4.174000000000000199e+01,4.000000000000000000e+01,4.000000000000000000e+01
6.636129951477050781e+01,0.000000000000000000e+00,0.000000000000000000e+00,3.856300000000000239e+01,4.178900000000000148e+01,4.000000000000000000e+01,4.000000000000000000e+01
6.736273789405822754e+01,0.000000000000000000e+00,0.000000000000000000e+00,3.841599999999999682e+01,4.159300000000000352e+01,4.000000000000000000e+01,4.000000000000000000e+01
6.836505317687988281e+01,0.000000000000000000e+00,0.000000000000000000e+00,3.856300000000000239e+01,4.169100000000000250e+01,4.000000000000000000e+01,4.000000000000000000e+01
6.936826825141906738e+01,0.000000000000000000e+00,0.000000000000000000e+00,3.861200000000000188e+01,4.154399999999999693e+01,4.000000000000000000e+01,4.000000000000000000e+01
7.036864542961120605e+01,0.000000000000000000e+00,0.000000000000000000e+00,3.861200000000000188e+01,4.174000000000000199e+01,4.000000000000000000e+01,4.000000000000000000e+01
7.136950612068176270e+01,0.000000000000000000e+00,0.000000000000000000e+00,3.871000000000000085e+01,4.159300000000000352e+01,4.000000000000000000e+01,4.000000000000000000e+01
7.236999368667602539e+01,0.000000000000000000e+00,0.000000000000000000e+00,3.866100000000000136e+01,4.164200000000000301e+01,4.000000000000000000e+01,4.000000000000000000e+01
7.338333559036254883e+01,0.000000000000000000e+00,0.000000000000000000e+00,3.871000000000000085e+01,4.125099999999999767e+01,4.000000000000000000e+01,4.000000000000000000e+01
7.438375496864318848e+01,0.000000000000000000e+00,0.000000000000000000e+00,3.875900000000000034e+01,4.134899999999999665e+01,4.000000000000000000e+01,4.000000000000000000e+01
7.538782548904418945e+01,0.000000000000000000e+00,0.000000000000000000e+00,3.890500000000000114e+01,4.115299999999999869e+01,4.000000000000000000e+01,4.000000000000000000e+01
7.638895392417907715e+01,0.000000000000000000e+00,0.000000000000000000e+00,3.890500000000000114e+01,4.105599999999999739e+01,4.000000000000000000e+01,4.000000000000000000e+01
7.739593100547790527e+01,0.000000000000000000e+00,0.000000000000000000e+00,3.905199999999999960e+01,4.095799999999999841e+01,4.000000000000000000e+01,4.000000000000000000e+01
7.840814614295959473e+01,0.000000000000000000e+00,0.000000000000000000e+00,3.910099999999999909e+01,4.071399999999999864e+01,4.000000000000000000e+01,4.000000000000000000e+01
7.941177129745483398e+01,0.000000000000000000e+00,0.000000000000000000e+00,3.910099999999999909e+01,4.071399999999999864e+01,4.000000000000000000e+01,4.000000000000000000e+01
8.042123651504516602e+01,0.000000000000000000e+00,0.000000000000000000e+00,3.905199999999999960e+01,4.061599999999999966e+01,4.000000000000000000e+01,4.000000000000000000e+01
8.142889213562011719e+01,0.000000000000000000e+00,0.000000000000000000e+00,3.905199999999999960e+01,4.066499999999999915e+01,4.000000000000000000e+01,4.000000000000000000e+01
8.243055033683776855e+01,0.000000000000000000e+00,0.000000000000000000e+00,3.910099999999999909e+01,4.056700000000000017e+01,4.000000000000000000e+01,4.000000000000000000e+01
8.343954277038574219e+01,0.000000000000000000e+00,0.000000000000000000e+00,3.900300000000000011e+01,4.056700000000000017e+01,4.000000000000000000e+01,4.000000000000000000e+01
8.444072532653808594e+01,0.000000000000000000e+00,0.000000000000000000e+00,3.900300000000000011e+01,4.046900000000000119e+01,4.000000000000000000e+01,4.000000000000000000e+01
8.544118714332580566e+01,0.000000000000000000e+00,0.000000000000000000e+00,3.905199999999999960e+01,4.042000000000000171e+01,4.000000000000000000e+01,4.000000000000000000e+01
8.644213199615478516e+01,0.000000000000000000e+00,0.000000000000000000e+00,3.910099999999999909e+01,4.042000000000000171e+01,4.000000000000000000e+01,4.000000000000000000e+01
8.744989275932312012e+01,0.000000000000000000e+00,0.000000000000000000e+00,3.910099999999999909e+01,4.051800000000000068e+01,4.000000000000000000e+01,4.000000000000000000e+01
8.845233321189880371e+01,0.000000000000000000e+00,0.000000000000000000e+00,3.910099999999999909e+01,4.027400000000000091e+01,4.000000000000000000e+01,4.000000000000000000e+01
8.945799136161804199e+01,0.000000000000000000e+00,0.000000000000000000e+00,3.895400000000000063e+01,4.037100000000000222e+01,4.000000000000000000e+01,4.000000000000000000e+01
9.045963954925537109e+01,0.000000000000000000e+00,0.000000000000000000e+00,3.895400000000000063e+01,4.022500000000000142e+01,4.000000000000000000e+01,4.000000000000000000e+01
9.146013116836547852e+01,0.000000000000000000e+00,0.000000000000000000e+00,3.875900000000000034e+01,4.032300000000000040e+01,4.000000000000000000e+01,4.000000000000000000e+01
9.246146607398986816e+01,0.000000000000000000e+00,0.000000000000000000e+00,3.871000000000000085e+01,4.027400000000000091e+01,4.000000000000000000e+01,4.000000000000000000e+01
9.346302342414855957e+01,0.000000000000000000e+00,0.000000000000000000e+00,3.871000000000000085e+01,4.007800000000000296e+01,4.000000000000000000e+01,4.000000000000000000e+01
9.446512532234191895e+01,0.000000000000000000e+00,0.000000000000000000e+00,3.880700000000000216e+01,4.007800000000000296e+01,4.000000000000000000e+01,4.000000000000000000e+01
9.546644115447998047e+01,0.000000000000000000e+00,0.000000000000000000e+00,3.866100000000000136e+01,4.002900000000000347e+01,4.000000000000000000e+01,4.000000000000000000e+01
9.646821951866149902e+01,0.000000000000000000e+00,0.000000000000000000e+00,3.866100000000000136e+01,4.012700000000000244e+01,4.000000000000000000e+01,4.000000000000000000e+01
9.746988630294799805e+01,0.000000000000000000e+00,0.000000000000000000e+00,3.861200000000000188e+01,4.007800000000000296e+01,4.000000000000000000e+01,4.000000000000000000e+01
9.848460936546325684e+01,0.000000000000000000e+00,0.000000000000000000e+00,3.871000000000000085e+01,4.002900000000000347e+01,4.000000000000000000e+01,4.000000000000000000e+01
9.948553395271301270e+01,0.000000000000000000e+00,5.849999999999866418e+01,3.861200000000000188e+01,3.988300000000000267e+01,4.000000000000000000e+01,4.000000000000000000e+01
1.004905657768249512e+02,0.000000000000000000e+00,3.399999999999891998e+01,3.866100000000000136e+01,3.993200000000000216e+01,4.000000000000000000e+01,4.000000000000000000e+01
1.014909474849700928e+02,0.000000000000000000e+00,1.000000000000000000e+02,3.866100000000000136e+01,3.968699999999999761e+01,4.000000000000000000e+01,4.000000000000000000e+01
1.025028505325317383e+02,0.000000000000000000e+00,1.000000000000000000e+02,3.861200000000000188e+01,3.978499999999999659e+01,4.000000000000000000e+01,4.000000000000000000e+01
1.035032272338867188e+02,0.000000000000000000e+00,1.000000000000000000e+02,3.890500000000000114e+01,3.968699999999999761e+01,4.000000000000000000e+01,4.000000000000000000e+01
1.045080132484436035e+02,0.000000000000000000e+00,1.000000000000156319e+01,3.866100000000000136e+01,3.997999999999999687e+01,4.000000000000000000e+01,4.000000000000000000e+01
1.055086488723754883e+02,0.000000000000000000e+00,1.000000000000000000e+02,3.856300000000000239e+01,3.978499999999999659e+01,4.000000000000000000e+01,4.000000000000000000e+01
1.065112080574035645e+02,0.000000000000000000e+00,3.399999999999891998e+01,3.861200000000000188e+01,3.993200000000000216e+01,4.000000000000000000e+01,4.000000000000000000e+01
1.075119001865386963e+02,0.000000000000000000e+00,8.299999999999840838e+01,3.871000000000000085e+01,3.983400000000000318e+01,4.000000000000000000e+01,4.000000000000000000e+01
1.085169496536254883e+02,0.000000000000000000e+00,1.000000000000156319e+01,3.885600000000000165e+01,3.997999999999999687e+01,4.000000000000000000e+01,4.000000000000000000e+01
1.095181894302368164e+02,0.000000000000000000e+00,1.000000000000156319e+01,3.866100000000000136e+01,3.997999999999999687e+01,4.000000000000000000e+01,4.000000000000000000e+01
1.105195982456207275e+02,0.000000000000000000e+00,3.399999999999891998e+01,3.866100000000000136e+01,3.993200000000000216e+01,4.000000000000000000e+01,4.000000000000000000e+01
1.115201613903045654e+02,0.000000000000000000e+00,0.000000000000000000e+00,3.866100000000000136e+01,4.002900000000000347e+01,4.000000000000000000e+01,4.000000000000000000e+01
1.125225195884704590e+02,0.000000000000000000e+00,1.000000000000156319e+01,3.880700000000000216e+01,3.997999999999999687e+01,4.000000000000000000e+01,4.000000000000000000e+01
1.135235958099365234e+02,0.000000000000000000e+00,1.000000000000000000e+02,3.875900000000000034e+01,3.978499999999999659e+01,4.000000000000000000e+01,4.000000000000000000e+01
1.145291507244110107e+02,0.000000000000000000e+00,0.000000000000000000e+00,3.875900000000000034e+01,4.002900000000000347e+01,4.000000000000000000e+01,4.000000000000000000e+01
1.155298120975494385e+02,0.000000000000000000e+00,3.399999999999891998e+01,3.890500000000000114e+01,3.993200000000000216e+01,4.000000000000000000e+01,4.000000000000000000e+01
1.165322713851928711e+02,0.000000000000000000e+00,0.000000000000000000e+00,3.871000000000000085e+01,4.002900000000000347e+01,4.000000000000000000e+01,4.000000000000000000e+01
1.175413236618041992e+02,0.000000000000000000e+00,0.000000000000000000e+00,3.890500000000000114e+01,4.002900000000000347e+01,4.000000000000000000e+01,4.000000000000000000e+01
1.185418946743011475e+02,0.000000000000000000e+00,0.000000000000000000e+00,3.880700000000000216e+01,4.007800000000000296e+01,4.000000000000000000e+01,4.000000000000000000e+01
1.195515320301055908e+02,0.000000000000000000e+00,0.000000000000000000e+00,3.880700000000000216e+01,4.012700000000000244e+01,4.000000000000000000e+01,4.000000000000000000e+01
1.205608122348785400e+02,0.000000000000000000e+00,0.000000000000000000e+00,3.880700000000000216e+01,4.027400000000000091e+01,4.000000000000000000e+01,4.000000000000000000e+01
1.215619146823883057e+02,0.000000000000000000e+00,0.000000000000000000e+00,3.866100000000000136e+01,4.022500000000000142e+01,4.000000000000000000e+01,4.000000000000000000e+01
1.225735287666320801e+02,0.000000000000000000e+00,0.000000000000000000e+00,3.861200000000000188e+01,4.037100000000000222e+01,4.000000000000000000e+01,4.000000000000000000e+01
1.235887980461120605e+02,0.000000000000000000e+00,0.000000000000000000e+00,3.861200000000000188e+01,4.022500000000000142e+01,4.000000000000000000e+01,4.000000000000000000e+01
1.245966463088989258e+02,0.000000000000000000e+00,0.000000000000000000e+00,3.875900000000000034e+01,4.022500000000000142e+01,4.000000000000000000e+01,4.000000000000000000e+01
1.255997300148010254e+02,0.000000000000000000e+00,0.000000000000000000e+00,3.861200000000000188e+01,4.027400000000000091e+01,4.000000000000000000e+01,4.000000000000000000e+01
1.266028487682342529e+02,0.000000000000000000e+00,0.000000000000000000e+00,3.871000000000000085e+01,4.022500000000000142e+01,4.000000000000000000e+01,4.000000000000000000e+01
1.276041119098663330e+02,0.000000000000000000e+00,0.000000000000000000e+00,3.866100000000000136e+01,4.012700000000000244e+01,4.000000000000000000e+01,4.000000000000000000e+01
1.286044039726257324e+02,0.000000000000000000e+00,0.000000000000000000e+00,3.871000000000000085e+01,4.022500000000000142e+01,4.000000000000000000e+01,4.000000000000000000e+01
1.296087453365325928e+02,0.000000000000000000e+00,0.000000000000000000e+00,3.890500000000000114e+01,4.022500000000000142e+01,4.000000000000000000e+01,4.000000000000000000e+01
1.306246662139892578e+02,0.000000000000000000e+00,0.000000000000000000e+00,3.895400000000000063e+01,4.007800000000000296e+01,4.000000000000000000e+01,4.000000000000000000e+01
1.316257815361022949e+02,0.000000000000000000e+00,0.000000000000000000e+00,3.890500000000000114e+01,4.007800000000000296e+01,4.000000000000000000e+01,4.000000000000000000e+01
1.326377429962158203e+02,0.000000000000000000e+00,1.000000000000156319e+01,3.895400000000000063e+01,3.997999999999999687e+01,4.000000000000000000e+01,4.000000000000000000e+01
1.336524820327758789e+02,0.000000000000000000e+00,3.399999999999891998e+01,3.905199999999999960e+01,3.993200000000000216e+01,4.000000000000000000e+01,4.000000000000000000e+01
1.346532394886016846e+02,0.000000000000000000e+00,1.000000000000000000e+02,3.910099999999999909e+01,3.978499999999999659e+01,4.000000000000000000e+01,4.000000000000000000e+01
1.356540522575378418e+02,0.000000000000000000e+00,8.299999999999840838e+01,3.910099999999999909e+01,3.983400000000000318e+01,4.000000000000000000e+01,4.000000000000000000e+01
1.366545710563659668e+02,0.000000000000000000e+00,1.000000000000156319e+01,3.914999999999999858e+01,3.997999999999999687e+01,4.000000000000000000e+01,4.000000000000000000e+01
1.376558108329772949e+02,0.000000000000000000e+00,0.000000000000000000e+00,3.900300000000000011e+01,4.002900000000000347e+01,4.000000000000000000e+01,4.000000000000000000e+01
1.386627130508422852e+02,0.000000000000000000e+00,8.299999999999840838e+01,3.914999999999999858e+01,3.983400000000000318e+01,4.000000000000000000e+01,4.000000000000000000e+01
1.396634187698364258e+02,0.000000000000000000e+00,1.000000000000156319e+01,3.919800000000000040e+01,3.997999999999999687e+01,4.000000000000000000e+01,4.000000000000000000e+01
1.406644134521484375e+02,0.000000000000000000e+00,1.000000000000156319e+01,3.914999999999999858e+01,3.997999999999999687e+01,4.000000000000000000e+01,4.000000000000000000e+01
1.416653883457183838e+02,0.000000000000000000e+00,3.399999999999891998e+01,3.914999999999999858e+01,3.993200000000000216e+01,4.000000000000000000e+01,4.000000000000000000e+01
1.426733386516571045e+02,0.000000000000000000e+00,0.000000000000000000e+00,3.919800000000000040e+01,4.002900000000000347e+01,4.000000000000000000e+01,4.000000000000000000e+01
1.436753575801849365e+02,0.000000000000000000e+00,0.000000000000000000e+00,3.924699999999999989e+01,4.002900000000000347e+01,4.000000000000000000e+01,4.000000000000000000e+01
1.446798403263092041e+02,0.000000000000000000e+00,0.000000000000000000e+00,3.914999999999999858e+01,4.002900000000000347e+01,4.000000000000000000e+01,4.000000000000000000e+01
1.456896860599517822e+02,0.000000000000000000e+00,0.000000000000000000e+00,3.929599999999999937e+01,4.022500000000000142e+01,4.000000000000000000e+01,4.000000000000000000e+01
1.467024984359741211e+02,0.000000000000000000e+00,0.000000000000000000e+00,3.919800000000000040e+01,4.012700000000000244e+01,4.000000000000000000e+01,4.000000000000000000e+01
1.477036716938018799e+02,0.000000000000000000e+00,0.000000000000000000e+00,3.919800000000000040e+01,4.007800000000000296e+01,4.000000000000000000e+01,4.000000000000000000e+01
1.487162508964538574e+02,0.000000000000000000e+00,0.000000000000000000e+00,3.929599999999999937e+01,4.032300000000000040e+01,4.000000000000000000e+01,4.000000000000000000e+01
1.497170503139495850e+02,0.000000000000000000e+00,0.000000000000000000e+00,3.929599999999999937e+01,4.046900000000000119e+01,4.000000000000000000e+01,4.000000000000000000e+01
1.507288544178009033e+02,0.000000000000000000e+00,0.000000000000000000e+00,3.924699999999999989e+01,4.017600000000000193e+01,4.000000000000000000e+01,4.000000000000000000e+01
1.517349865436553955e+02,0.000000000000000000e+00,0.000000000000000000e+00,3.934499999999999886e+01,4.022500000000000142e+01,4.000000000000000000e+01,4.000000000000000000e+01
1.527437860965728760e+02,0.000000000000000000e+00,0.000000000000000000e+00,3.939399999999999835e+01,4.032300000000000040e+01,4.000000000000000000e+01,4.000000000000000000e+01
1.537522406578063965e+02,0.000000000000000000e+00,0.000000000000000000e+00,3.934499999999999886e+01,4.022500000000000142e+01,4.000000000000000000e+01,4.000000000000000000e+01
1.547535920143127441e+02,0.000000000000000000e+00,0.000000000000000000e+00,3.924699999999999989e+01,4.012700000000000244e+01,4.000000000000000000e+01,4.000000000000000000e+01
1.557577664852142334e+02,0.000000000000000000e+00,0.000000000000000000e+00,3.934499999999999886e+01,4.012700000000000244e+01,4.000000000000000000e+01,4.000000000000000000e+01
1.567667768001556396e+02,0.000000000000000000e+00,0.000000000000000000e+00,3.944299999999999784e+01,4.017600000000000193e+01,4.000000000000000000e+01,4.000000000000000000e+01
1.577812478542327881e+02,0.000000000000000000e+00,0.000000000000000000e+00,3.949199999999999733e+01,4.002900000000000347e+01,4.000000000000000000e+01,4.000000000000000000e+01
1.587821767330169678e+02,0.000000000000000000e+00,0.000000000000000000e+00,3.949199999999999733e+01,4.007800000000000296e+01,4.000000000000000000e+01,4.000000000000000000e+01
1.597834324836730957e+02,0.000000000000000000e+00,1.000000000000156319e+01,3.954099999999999682e+01,3.997999999999999687e+01,4.000000000000000000e+01,4.000000000000000000e+01
1.607843360900878906e+02,0.000000000000000000e+00,3.399999999999891998e+01,3.944299999999999784e+01,3.993200000000000216e+01,4.000000000000000000e+01,4.000000000000000000e+01
1.617924804687500000e+02,0.000000000000000000e+00,1.000000000000156319e+01,3.954099999999999682e+01,3.997999999999999687e+01,4.000000000000000000e+01,4.000000000000000000e+01
1.627978198528289795e+02,0.000000000000000000e+00,1.000000000000156319e+01,3.949199999999999733e+01,3.997999999999999687e+01,4.000000000000000000e+01,4.000000000000000000e+01
1.637987277507781982e+02,0.000000000000000000e+00,0.000000000000000000e+00,3.944299999999999784e+01,4.012700000000000244e+01,4.000000000000000000e+01,4.000000000000000000e+01
1.647989215850830078e+02,0.000000000000000000e+00,0.000000000000000000e+00,3.929599999999999937e+01,4.002900000000000347e+01,4.000000000000000000e+01,4.000000000000000000e+01
1.658148884773254395e+02,0.000000000000000000e+00,0.000000000000000000e+00,3.924699999999999989e+01,4.007800000000000296e+01,4.000000000000000000e+01,4.000000000000000000e+01
1.668152263164520264e+02,0.000000000000000000e+00,0.000000000000000000e+00,3.934499999999999886e+01,4.012700000000000244e+01,4.000000000000000000e+01,4.000000000000000000e+01
1.678156523704528809e+02,0.000000000000000000e+00,1.000000000000156319e+01,3.924699999999999989e+01,3.997999999999999687e+01,4.000000000000000000e+01,4.000000000000000000e+01
1.688169877529144287e+02,0.000000000000000000e+00,8.299999999999840838e+01,3.924699999999999989e+01,3.983400000000000318e+01,4.000000000000000000e+01,4.000000000000000000e+01
1.698180985450744629e+02,0.000000000000000000e+00,5.849999999999866418e+01,3.929599999999999937e+01,3.988300000000000267e+01,4.000000000000000000e+01,4.000000000000000000e+01
1.708342659473419189e+02,0.000000000000000000e+00,0.000000000000000000e+00,3.944299999999999784e+01,4.007800000000000296e+01,4.000000000000000000e+01,4.000000000000000000e+01
1.718354263305664062e+02,0.000000000000000000e+00,3.399999999999891998e+01,3.949199999999999733e+01,3.993200000000000216e+01,4.000000000000000000e+01,4.000000000000000000e+01
1.728398780822753906e+02,0.000000000000000000e+00,1.000000000000156319e+01,3.934499999999999886e+01,3.997999999999999687e+01,4.000000000000000000e+01,4.000000000000000000e+01
1.738418657779693604e+02,0.000000000000000000e+00,3.399999999999891998e+01,3.934499999999999886e+01,3.993200000000000216e+01,4.000000000000000000e+01,4.000000000000000000e+01
1.748430995941162109e+02,0.000000000000000000e+00,0.000000000000000000e+00,3.944299999999999784e+01,4.002900000000000347e+01,4.000000000000000000e+01,4.000000000000000000e+01
1.758520534038543701e+02,0.000000000000000000e+00,1.000000000000000000e+02,3.924699999999999989e+01,3.968699999999999761e+01,4.000000000000000000e+01,4.000000000000000000e+01
1.768528416156768799e+02,0.000000000000000000e+00,5.849999999999866418e+01,3.934499999999999886e+01,3.988300000000000267e+01,4.000000000000000000e+01,4.000000000000000000e+01
1.778585224151611328e+02,0.000000000000000000e+00,1.000000000000000000e+02,3.934499999999999886e+01,3.978499999999999659e+01,4.000000000000000000e+01,4.000000000000000000e+01
1.788596432209014893e+02,0.000000000000000000e+00,3.399999999999891998e+01,3.944299999999999784e+01,3.993200000000000216e+01,4.000000000000000000e+01,4.000000000000000000e+01
1.798704481124877930e+02,0.000000000000000000e+00,0.000000000000000000e+00,3.939399999999999835e+01,4.017600000000000193e+01,4.000000000000000000e+01,4.000000000000000000e+01
1.808776533603668213e+02,0.000000000000000000e+00,0.000000000000000000e+00,3.934499999999999886e+01,4.007800000000000296e+01,4.000000000000000000e+01,4.000000000000000000e+01
1.818832354545593262e+02,0.000000000000000000e+00,0.000000000000000000e+00,3.934499999999999886e+01,4.007800000000000296e+01,4.000000000000000000e+01,4.000000000000000000e+01
1.828907487392425537e+02,0.000000000000000000e+00,0.000000000000000000e+00,3.939399999999999835e+01,4.012700000000000244e+01,4.000000000000000000e+01,4.000000000000000000e+01
1.838954219818115234e+02,0.000000000000000000e+00,0.000000000000000000e+00,3.934499999999999886e+01,4.007800000000000296e+01,4.000000000000000000e+01,4.000000000000000000e+01
1.848964750766754150e+02,0.000000000000000000e+00,0.000000000000000000e+00,3.939399999999999835e+01,4.007800000000000296e+01,4.000000000000000000e+01,4.000000000000000000e+01
1.859040517807006836e+02,0.000000000000000000e+00,0.000000000000000000e+00,3.944299999999999784e+01,4.007800000000000296e+01,4.000000000000000000e+01,4.000000000000000000e+01
1.869109842777252197e+02,0.000000000000000000e+00,0.000000000000000000e+00,3.944299999999999784e+01,4.012700000000000244e+01,4.000000000000000000e+01,4.000000000000000000e+01
1.879182703495025635e+02,0.000000000000000000e+00,0.000000000000000000e+00,3.929599999999999937e+01,4.027400000000000091e+01,4.000000000000000000e+01,4.000000000000000000e+01
1.889186384677886963e+02,0.000000000000000000e+00,0.000000000000000000e+00,3.924699999999999989e+01,4.027400000000000091e+01,4.000000000000000000e+01,4.000000000000000000e+01
1.899224085807800293e+02,0.000000000000000000e+00,0.000000000000000000e+00,3.934499999999999886e+01,4.017600000000000193e+01,4.000000000000000000e+01,4.000000000000000000e+01
1.909356949329376221e+02,0.000000000000000000e+00,0.000000000000000000e+00,3.914999999999999858e+01,4.022500000000000142e+01,4.000000000000000000e+01,4.000000000000000000e+01
1.919459233283996582e+02,0.000000000000000000e+00,0.000000000000000000e+00,3.929599999999999937e+01,4.027400000000000091e+01,4.000000000000000000e+01,4.000000000000000000e+01
1.929605724811553955e+02,0.000000000000000000e+00,0.000000000000000000e+00,3.929599999999999937e+01,4.037100000000000222e+01,4.000000000000000000e+01,4.000000000000000000e+01
1.939734897613525391e+02,0.000000000000000000e+00,0.000000000000000000e+00,3.919800000000000040e+01,4.032300000000000040e+01,4.000000000000000000e+01,4.000000000000000000e+01
1.949868705272674561e+02,0.000000000000000000e+00,0.000000000000000000e+00,3.914999999999999858e+01,4.042000000000000171e+01,4.000000000000000000e+01,4.000000000000000000e+01
1.959871613979339600e+02,0.000000000000000000e+00,0.000000000000000000e+00,3.929599999999999937e+01,4.032300000000000040e+01,4.000000000000000000e+01,4.000000000000000000e+01
1.969878857135772705e+02,0.000000000000000000e+00,0.000000000000000000e+00,3.919800000000000040e+01,4.032300000000000040e+01,4.000000000000000000e+01,4.000000000000000000e+01
1.979987750053405762e+02,0.000000000000000000e+00,0.000000000000000000e+00,3.939399999999999835e+01,4.022500000000000142e+01,4.000000000000000000e+01,4.000000000000000000e+01
1.989993777275085449e+02,0.000000000000000000e+00,0.000000000000000000e+00,3.929599999999999937e+01,4.027400000000000091e+01,4.000000000000000000e+01,4.000000000000000000e+01
2.000004527568817139e+02,0.000000000000000000e+00,0.000000000000000000e+00,3.934499999999999886e+01,4.032300000000000040e+01,4.000000000000000000e+01,4.000000000000000000e+01
2.010151109695434570e+02,0.000000000000000000e+00,0.000000000000000000e+00,3.929599999999999937e+01,4.027400000000000091e+01,4.000000000000000000e+01,4.000000000000000000e+01
2.020207912921905518e+02,0.000000000000000000e+00,0.000000000000000000e+00,3.929599999999999937e+01,4.007800000000000296e+01,4.000000000000000000e+01,4.000000000000000000e+01
2.030215480327606201e+02,0.000000000000000000e+00,0.000000000000000000e+00,3.934499999999999886e+01,4.017600000000000193e+01,4.000000000000000000e+01,4.000000000000000000e+01
2.040265674591064453e+02,0.000000000000000000e+00,0.000000000000000000e+00,3.924699999999999989e+01,4.027400000000000091e+01,4.000000000000000000e+01,4.000000000000000000e+01
2.050288522243499756e+02,0.000000000000000000e+00,0.000000000000000000e+00,3.914999999999999858e+01,4.022500000000000142e+01,4.000000000000000000e+01,4.000000000000000000e+01
2.060299730300903320e+02,0.000000000000000000e+00,0.000000000000000000e+00,3.924699999999999989e+01,4.017600000000000193e+01,4.000000000000000000e+01,4.000000000000000000e+01
2.070309903621673584e+02,0.000000000000000000e+00,0.000000000000000000e+00,3.939399999999999835e+01,4.017600000000000193e+01,4.000000000000000000e+01,4.000000000000000000e+01
2.080318171977996826e+02,0.000000000000000000e+00,0.000000000000000000e+00,3.924699999999999989e+01,4.002900000000000347e+01,4.000000000000000000e+01,4.000000000000000000e+01
2.090365059375762939e+02,0.000000000000000000e+00,0.000000000000000000e+00,3.944299999999999784e+01,4.007800000000000296e+01,4.000000000000000000e+01,4.000000000000000000e+01
2.100382792949676514e+02,0.000000000000000000e+00,0.000000000000000000e+00,3.939399999999999835e+01,4.002900000000000347e+01,4.000000000000000000e+01,4.000000000000000000e+01
2.110475022792816162e+02,0.000000000000000000e+00,1.000000000000156319e+01,3.929599999999999937e+01,3.997999999999999687e+01,4.000000000000000000e+01,4.000000000000000000e+01
2.120504026412963867e+02,0.000000000000000000e+00,1.000000000000000000e+02,3.939399999999999835e+01,3.978499999999999659e+01,4.000000000000000000e+01,4.000000000000000000e+01
2.130517671108245850e+02,0.000000000000000000e+00,1.000000000000000000e+02,3.949199999999999733e+01,3.973599999999999710e+01,4.000000000000000000e+01,4.000000000000000000e+01
2.140529012680053711e+02,0.000000000000000000e+00,0.000000000000000000e+00,3.954099999999999682e+01,4.007800000000000296e+01,4.000000000000000000e+01,4.000000000000000000e+01
2.150546727180480957e+02,0.000000000000000000e+00,8.299999999999840838e+01,3.939399999999999835e+01,3.983400000000000318e+01,4.000000000000000000e+01,4.000000000000000000e+01
2.160696713924407959e+02,0.000000000000000000e+00,5.849999999999866418e+01,3.934499999999999886e+01,3.988300000000000267e+01,4.000000000000000000e+01,4.000000000000000000e+01
2.170715734958648682e+02,0.000000000000000000e+00,8.299999999999840838e+01,3.929599999999999937e+01,3.983400000000000318e+01,4.000000000000000000e+01,4.000000000000000000e+01
2.180728290081024170e+02,0.000000000000000000e+00,1.000000000000000000e+02,3.939399999999999835e+01,3.978499999999999659e+01,4.000000000000000000e+01,4.000000000000000000e+01
2.190767867565155029e+02,0.000000000000000000e+00,0.000000000000000000e+00,3.924699999999999989e+01,4.007800000000000296e+01,4.000000000000000000e+01,4.000000000000000000e+01
2.200847597122192383e+02,0.000000000000000000e+00,1.000000000000156319e+01,3.914999999999999858e+01,3.997999999999999687e+01,4.000000000000000000e+01,4.000000000000000000e+01
2.210851278305053711e+02,0.000000000000000000e+00,1.000000000000156319e+01,3.924699999999999989e+01,3.997999999999999687e+01,4.000000000000000000e+01,4.000000000000000000e+01
2.220857648849487305e+02,0.000000000000000000e+00,0.000000000000000000e+00,3.919800000000000040e+01,4.002900000000000347e+01,4.000000000000000000e+01,4.000000000000000000e+01
2.230910677909851074e+02,0.000000000000000000e+00,0.000000000000000000e+00,3.905199999999999960e+01,4.022500000000000142e+01,4.000000000000000000e+01,4.000000000000000000e+01
2.240936031341552734e+02,0.000000000000000000e+00,0.000000000000000000e+00,3.914999999999999858e+01,4.012700000000000244e+01,4.000000000000000000e+01,4.000000000000000000e+01
2.250963864326477051e+02,0.000000000000000000e+00,0.000000000000000000e+00,3.929599999999999937e+01,4.017600000000000193e+01,4.000000000000000000e+01,4.000000000000000000e+01
2.260968286991119385e+02,0.000000000000000000e+00,0.000000000000000000e+00,3.934499999999999886e+01,4.012700000000000244e+01,4.000000000000000000e+01,4.000000000000000000e+01
2.271104822158813477e+02,0.000000000000000000e+00,0.000000000000000000e+00,3.924699999999999989e+01,4.017600000000000193e+01,4.000000000000000000e+01,4.000000000000000000e+01
2.281109726428985596e+02,0.000000000000000000e+00,0.000000000000000000e+00,3.939399999999999835e+01,4.022500000000000142e+01,4.000000000000000000e+01,4.000000000000000000e+01
2.291117160320281982e+02,0.000000000000000000e+00,0.000000000000000000e+00,3.924699999999999989e+01,4.037100000000000222e+01,4.000000000000000000e+01,4.000000000000000000e+01
2.301210548877716064e+02,0.000000000000000000e+00,0.000000000000000000e+00,3.929599999999999937e+01,4.017600000000000193e+01,4.000000000000000000e+01,4.000000000000000000e+01
2.311226310729980469e+02,0.000000000000000000e+00,0.000000000000000000e+00,3.919800000000000040e+01,4.017600000000000193e+01,4.000000000000000000e+01,4.000000000000000000e+01
2.321232848167419434e+02,0.000000000000000000e+00,0.000000000000000000e+00,3.914999999999999858e+01,4.037100000000000222e+01,4.000000000000000000e+01,4.000000000000000000e+01
2.331255028247833252e+02,0.000000000000000000e+00,0.000000000000000000e+00,3.929599999999999937e+01,4.037100000000000222e+01,4.000000000000000000e+01,4.000000000000000000e+01
2.341267919540405273e+02,0.000000000000000000e+00,0.000000000000000000e+00,3.924699999999999989e+01,4.022500000000000142e+01,4.000000000000000000e+01,4.000000000000000000e+01
2.351356918811798096e+02,0.000000000000000000e+00,0.000000000000000000e+00,3.914999999999999858e+01,4.032300000000000040e+01,4.000000000000000000e+01,4.000000000000000000e+01
2.361394374370574951e+02,0.000000000000000000e+00,0.000000000000000000e+00,3.929599999999999937e+01,4.032300000000000040e+01,4.000000000000000000e+01,4.000000000000000000e+01
2.371404387950897217e+02,0.000000000000000000e+00,0.000000000000000000e+00,3.939399999999999835e+01,4.007800000000000296e+01,4.000000000000000000e+01,4.000000000000000000e+01
2.381502246856689453e+02,0.000000000000000000e+00,0.000000000000000000e+00,3.929599999999999937e+01,4.032300000000000040e+01,4.000000000000000000e+01,4.000000000000000000e+01
2.391513173580169678e+02,0.000000000000000000e+00,0.000000000000000000e+00,3.924699999999999989e+01,4.017600000000000193e+01,4.000000000000000000e+01,4.000000000000000000e+01
2.401602668762207031e+02,0.000000000000000000e+00,0.000000000000000000e+00,3.924699999999999989e+01,4.027400000000000091e+01,4.000000000000000000e+01,4.000000000000000000e+01
2.411612274646759033e+02,0.000000000000000000e+00,0.000000000000000000e+00,3.914999999999999858e+01,4.042000000000000171e+01,4.000000000000000000e+01,4.000000000000000000e+01
2.421621201038360596e+02,0.000000000000000000e+00,0.000000000000000000e+00,3.919800000000000040e+01,4.022500000000000142e+01,4.000000000000000000e+01,4.000000000000000000e+01
2.431627492904663086e+02,0.000000000000000000e+00,0.000000000000000000e+00,3.919800000000000040e+01,4.027400000000000091e+01,4.000000000000000000e+01,4.000000000000000000e+01
2.441670973300933838e+02,0.000000000000000000e+00,0.000000000000000000e+00,3.914999999999999858e+01,4.012700000000000244e+01,4.000000000000000000e+01,4.000000000000000000e+01
2.451694056987762451e+02,0.000000000000000000e+00,0.000000000000000000e+00,3.910099999999999909e+01,4.007800000000000296e+01,4.000000000000000000e+01,4.000000000000000000e+01
2.461769928932189941e+02,0.000000000000000000e+00,3.399999999999891998e+01,3.910099999999999909e+01,3.993200000000000216e+01,4.000000000000000000e+01,4.000000000000000000e+01
2.471777493953704834e+02,0.000000000000000000e+00,1.000000000000156319e+01,3.934499999999999886e+01,3.997999999999999687e+01,4.000000000000000000e+01,4.000000000000000000e+01
2.481796944141387939e+02,0.000000000000000000e+00,1.000000000000156319e+01,3.919800000000000040e+01,3.997999999999999687e+01,4.000000000000000000e+01,4.000000000000000000e+01
2.491828289031982422e+02,0.000000000000000000e+00,8.299999999999840838e+01,3.914999999999999858e+01,3.983400000000000318e+01,4.000000000000000000e+01,4.000000000000000000e+01
2.501860921382904053e+02,0.000000000000000000e+00,5.849999999999866418e+01,3.924699999999999989e+01,3.988300000000000267e+01,4.000000000000000000e+01,4.000000000000000000e+01
2.511965477466583252e+02,0.000000000000000000e+00,5.849999999999866418e+01,3.929599999999999937e+01,3.988300000000000267e+01,4.000000000000000000e+01,4.000000000000000000e+01
2.522048456668853760e+02,0.000000000000000000e+00,8.299999999999840838e+01,3.919800000000000040e+01,3.983400000000000318e+01,4.000000000000000000e+01,4.000000000000000000e+01
2.532072393894195557e+02,0.000000000000000000e+00,1.000000000000156319e+01,3.924699999999999989e+01,3.997999999999999687e+01,4.000000000000000000e+01,4.000000000000000000e+01
2.542169837951660156e+02,0.000000000000000000e+00,1.000000000000156319e+01,3.924699999999999989e+01,3.997999999999999687e+01,4.000000000000000000e+01,4.000000000000000000e+01
2.552173900604248047e+02,0.000000000000000000e+00,3.399999999999891998e+01,3.910099999999999909e+01,3.993200000000000216e+01,4.000000000000000000e+01,4.000000000000000000e+01
2.562211859226226807e+02,0.000000000000000000e+00,0.000000000000000000e+00,3.914999999999999858e+01,4.002900000000000347e+01,4.000000000000000000e+01,4.000000000000000000e+01
2.572308471202850342e+02,0.000000000000000000e+00,0.000000000000000000e+00,3.914999999999999858e+01,4.007800000000000296e+01,4.000000000000000000e+01,4.000000000000000000e+01
2.582317628860473633e+02,0.000000000000000000e+00,0.000000000000000000e+00,3.919800000000000040e+01,4.007800000000000296e+01,4.000000000000000000e+01,4.000000000000000000e+01
2.592379362583160400e+02,0.000000000000000000e+00,0.000000000000000000e+00,3.910099999999999909e+01,4.007800000000000296e+01,4.000000000000000000e+01,4.000000000000000000e+01
2.602391121387481689e+02,0.000000000000000000e+00,0.000000000000000000e+00,3.914999999999999858e+01,4.007800000000000296e+01,4.000000000000000000e+01,4.000000000000000000e+01
2.612397012710571289e+02,0.000000000000000000e+00,0.000000000000000000e+00,3.910099999999999909e+01,4.007800000000000296e+01,4.000000000000000000e+01,4.000000000000000000e+01
2.622446193695068359e+02,0.000000000000000000e+00,0.000000000000000000e+00,3.914999999999999858e+01,4.002900000000000347e+01,4.000000000000000000e+01,4.000000000000000000e+01
2.632530934810638428e+02,0.000000000000000000e+00,8.299999999999840838e+01,3.914999999999999858e+01,3.983400000000000318e+01,4.000000000000000000e+01,4.000000000000000000e+01
2.642550230026245117e+02,0.000000000000000000e+00,5.849999999999866418e+01,3.934499999999999886e+01,3.988300000000000267e+01,4.000000000000000000e+01,4.000000000000000000e+01
2.652693021297454834e+02,0.000000000000000000e+00,1.000000000000156319e+01,3.929599999999999937e+01,3.997999999999999687e+01,4.000000000000000000e+01,4.000000000000000000e+01
2.662730371952056885e+02,0.000000000000000000e+00,3.399999999999891998e+01,3.924699999999999989e+01,3.993200000000000216e+01,4.000000000000000000e+01,4.000000000000000000e+01
2.672745454311370850e+02,0.000000000000000000e+00,0.000000000000000000e+00,3.924699999999999989e+01,4.017600000000000193e+01,4.000000000000000000e+01,4.000000000000000000e+01
2.682753114700317383e+02,0.000000000000000000e+00,0.000000000000000000e+00,3.939399999999999835e+01,4.007800000000000296e+01,4.000000000000000000e+01,4.000000000000000000e+01
2.692790594100952148e+02,0.000000000000000000e+00,0.000000000000000000e+00,3.939399999999999835e+01,4.012700000000000244e+01,4.000000000000000000e+01,4.000000000000000000e+01
2.702840559482574463e+02,0.000000000000000000e+00,0.000000000000000000e+00,3.929599999999999937e+01,4.012700000000000244e+01,4.000000000000000000e+01,4.000000000000000000e+01
2.712875850200653076e+02,0.000000000000000000e+00,0.000000000000000000e+00,3.944299999999999784e+01,4.012700000000000244e+01,4.000000000000000000e+01,4.000000000000000000e+01
2.722958667278289795e+02,0.000000000000000000e+00,0.000000000000000000e+00,3.949199999999999733e+01,4.007800000000000296e+01,4.000000000000000000e+01,4.000000000000000000e+01
2.733047468662261963e+02,0.000000000000000000e+00,0.000000000000000000e+00,3.939399999999999835e+01,4.017600000000000193e+01,4.000000000000000000e+01,4.000000000000000000e+01
2.743152339458465576e+02,0.000000000000000000e+00,0.000000000000000000e+00,3.924699999999999989e+01,4.022500000000000142e+01,4.000000000000000000e+01,4.000000000000000000e+01
2.753157396316528320e+02,0.000000000000000000e+00,0.000000000000000000e+00,3.929599999999999937e+01,4.012700000000000244e+01,4.000000000000000000e+01,4.000000000000000000e+01
2.763174273967742920e+02,0.000000000000000000e+00,0.000000000000000000e+00,3.934499999999999886e+01,4.027400000000000091e+01,4.000000000000000000e+01,4.000000000000000000e+01
2.773193895816802979e+02,0.000000000000000000e+00,0.000000000000000000e+00,3.914999999999999858e+01,4.032300000000000040e+01,4.000000000000000000e+01,4.000000000000000000e+01
2.783203303813934326e+02,0.000000000000000000e+00,0.000000000000000000e+00,3.924699999999999989e+01,4.022500000000000142e+01,4.000000000000000000e+01,4.000000000000000000e+01
2.793267762660980225e+02,0.000000000000000000e+00,0.000000000000000000e+00,3.944299999999999784e+01,4.022500000000000142e+01,4.000000000000000000e+01,4.000000000000000000e+01
2.803360505104064941e+02,0.000000000000000000e+00,0.000000000000000000e+00,3.929599999999999937e+01,4.017600000000000193e+01,4.000000000000000000e+01,4.000000000000000000e+01
2.813412482738494873e+02,0.000000000000000000e+00,0.000000000000000000e+00,3.934499999999999886e+01,4.012700000000000244e+01,4.000000000000000000e+01,4.000000000000000000e+01
2.823417975902557373e+02,0.000000000000000000e+00,0.000000000000000000e+00,3.939399999999999835e+01,4.007800000000000296e+01,4.000000000000000000e+01,4.000000000000000000e+01
2.833431060314178467e+02,0.000000000000000000e+00,0.000000000000000000e+00,3.954099999999999682e+01,4.007800000000000296e+01,4.000000000000000000e+01,4.000000000000000000e+01
2.843545031547546387e+02,0.000000000000000000e+00,1.000000000000156319e+01,3.939399999999999835e+01,3.997999999999999687e+01,4.000000000000000000e+01,4.000000000000000000e+01
2.853554332256317139e+02,0.000000000000000000e+00,0.000000000000000000e+00,3.934499999999999886e+01,4.007800000000000296e+01,4.000000000000000000e+01,4.000000000000000000e+01
2.863634684085845947e+02,0.000000000000000000e+00,0.000000000000000000e+00,3.939399999999999835e+01,4.002900000000000347e+01,4.000000000000000000e+01,4.000000000000000000e+01
2.873663365840911865e+02,0.000000000000000000e+00,0.000000000000000000e+00,3.929599999999999937e+01,4.007800000000000296e+01,4.000000000000000000e+01,4.000000000000000000e+01
2.883685810565948486e+02,0.000000000000000000e+00,0.000000000000000000e+00,3.934499999999999886e+01,4.002900000000000347e+01,4.000000000000000000e+01,4.000000000000000000e+01
2.893828504085540771e+02,0.000000000000000000e+00,8.299999999999840838e+01,3.929599999999999937e+01,3.983400000000000318e+01,4.000000000000000000e+01,4.000000000000000000e+01
2.903945922851562500e+02,0.000000000000000000e+00,8.299999999999840838e+01,3.934499999999999886e+01,3.983400000000000318e+01,4.000000000000000000e+01,4.000000000000000000e+01
2.914045763015747070e+02,0.000000000000000000e+00,8.299999999999840838e+01,3.944299999999999784e+01,3.983400000000000318e+01,4.000000000000000000e+01,4.000000000000000000e+01
2.924160046577453613e+02,0.000000000000000000e+00,1.000000000000000000e+02,3.939399999999999835e+01,3.968699999999999761e+01,4.000000000000000000e+01,4.000000000000000000e+01
2.934178965091705322e+02,0.000000000000000000e+00,1.000000000000000000e+02,3.954099999999999682e+01,3.968699999999999761e+01,4.000000000000000000e+01,4.000000000000000000e+01
2.944229736328125000e+02,0.000000000000000000e+00,1.000000000000000000e+02,3.954099999999999682e+01,3.968699999999999761e+01,4.000000000000000000e+01,4.000000000000000000e+01
2.954395425319671631e+02,0.000000000000000000e+00,8.299999999999840838e+01,3.944299999999999784e+01,3.983400000000000318e+01,4.000000000000000000e+01,4.000000000000000000e+01
2.964403777122497559e+02,0.000000000000000000e+00,1.000000000000000000e+02,3.939399999999999835e+01,3.973599999999999710e+01,4.000000000000000000e+01,4.000000000000000000e+01
2.974511928558349609e+02,0.000000000000000000e+00,1.000000000000156319e+01,3.924699999999999989e+01,3.997999999999999687e+01,4.000000000000000000e+01,4.000000000000000000e+01
2.984611787796020508e+02,0.000000000000000000e+00,3.399999999999891998e+01,3.924699999999999989e+01,3.993200000000000216e+01,4.000000000000000000e+01,4.000000000000000000e+01
2.994649112224578857e+02,0.000000000000000000e+00,0.000000000000000000e+00,3.924699999999999989e+01,4.002900000000000347e+01,4.000000000000000000e+01,4.000000000000000000e+01
3.004754633903503418e+02,0.000000000000000000e+00,0.000000000000000000e+00,3.939399999999999835e+01,4.002900000000000347e+01,4.000000000000000000e+01,4.000000000000000000e+01
3.014898974895477295e+02,0.000000000000000000e+00,0.000000000000000000e+00,3.914999999999999858e+01,4.007800000000000296e+01,4.000000000000000000e+01,4.000000000000000000e+01
3.024907717704772949e+02,0.000000000000000000e+00,0.000000000000000000e+00,3.934499999999999886e+01,4.012700000000000244e+01,4.000000000000000000e+01,4.000000000000000000e+01
3.035059328079223633e+02,0.000000000000000000e+00,0.000000000000000000e+00,3.914999999999999858e+01,4.012700000000000244e+01,4.000000000000000000e+01,4.000000000000000000e+01
3.045186951160430908e+02,0.000000000000000000e+00,0.000000000000000000e+00,3.914999999999999858e+01,4.032300000000000040e+01,4.000000000000000000e+01,4.000000000000000000e+01
3.055214197635650635e+02,0.000000000000000000e+00,0.000000000000000000e+00,3.914999999999999858e+01,4.042000000000000171e+01,4.000000000000000000e+01,4.000000000000000000e+01
3.065219578742980957e+02,0.000000000000000000e+00,0.000000000000000000e+00,3.910099999999999909e+01,4.046900000000000119e+01,4.000000000000000000e+01,4.000000000000000000e+01
3.075316059589385986e+02,0.000000000000000000e+00,0.000000000000000000e+00,3.914999999999999858e+01,4.032300000000000040e+01,4.000000000000000000e+01,4.000000000000000000e+01
3.085430934429168701e+02,0.000000000000000000e+00,0.000000000000000000e+00,3.910099999999999909e+01,4.051800000000000068e+01,4.000000000000000000e+01,4.000000000000000000e+01
3.095435981750488281e+02,0.000000000000000000e+00,0.000000000000000000e+00,3.919800000000000040e+01,4.056700000000000017e+01,4.000000000000000000e+01,4.000000000000000000e+01
3.105565340518951416e+02,0.000000000000000000e+00,0.000000000000000000e+00,3.910099999999999909e+01,4.066499999999999915e+01,4.000000000000000000e+01,4.000000000000000000e+01
3.115624084472656250e+02,0.000000000000000000e+00,0.000000000000000000e+00,3.914999999999999858e+01,4.066499999999999915e+01,4.000000000000000000e+01,4.000000000000000000e+01
3.125712137222290039e+02,0.000000000000000000e+00,0.000000000000000000e+00,3.910099999999999909e+01,4.056700000000000017e+01,4.000000000000000000e+01,4.000000000000000000e+01
3.135720965862274170e+02,0.000000000000000000e+00,0.000000000000000000e+00,3.910099999999999909e+01,4.071399999999999864e+01,4.000000000000000000e+01,4.000000000000000000e+01
3.145768907070159912e+02,0.000000000000000000e+00,0.000000000000000000e+00,3.914999999999999858e+01,4.066499999999999915e+01,4.000000000000000000e+01,4.000000000000000000e+01
3.155859692096710205e+02,0.000000000000000000e+00,0.000000000000000000e+00,3.910099999999999909e+01,4.076200000000000045e+01,4.000000000000000000e+01,4.000000000000000000e+01
3.165911042690277100e+02,0.000000000000000000e+00,0.000000000000000000e+00,3.914999999999999858e+01,4.056700000000000017e+01,4.000000000000000000e+01,4.000000000000000000e+01
3.175929865837097168e+02,0.000000000000000000e+00,0.000000000000000000e+00,3.914999999999999858e+01,4.051800000000000068e+01,4.000000000000000000e+01,4.000000000000000000e+01
3.185976655483245850e+02,0.000000000000000000e+00,0.000000000000000000e+00,3.910099999999999909e+01,4.071399999999999864e+01,4.000000000000000000e+01,4.000000000000000000e+01
3.196043791770935059e+02,0.000000000000000000e+00,0.000000000000000000e+00,3.910099999999999909e+01,4.056700000000000017e+01,4.000000000000000000e+01,4.000000000000000000e+01
3.206061835289001465e+02,0.000000000000000000e+00,0.000000000000000000e+00,3.905199999999999960e+01,4.066499999999999915e+01,4.000000000000000000e+01,4.000000000000000000e+01
3.216149115562438965e+02,0.000000000000000000e+00,0.000000000000000000e+00,3.900300000000000011e+01,4.061599999999999966e+01,4.000000000000000000e+01,4.000000000000000000e+01
3.226217217445373535e+02,0.000000000000000000e+00,0.000000000000000000e+00,3.905199999999999960e+01,4.061599999999999966e+01,4.000000000000000000e+01,4.000000000000000000e+01
3.236223471164703369e+02,0.000000000000000000e+00,0.000000000000000000e+00,3.914999999999999858e+01,4.051800000000000068e+01,4.000000000000000000e+01,4.000000000000000000e+01
3.246237072944641113e+02,0.000000000000000000e+00,0.000000000000000000e+00,3.914999999999999858e+01,4.046900000000000119e+01,4.000000000000000000e+01,4.000000000000000000e+01
3.256339192390441895e+02,0.000000000000000000e+00,0.000000000000000000e+00,3.910099999999999909e+01,4.046900000000000119e+01,4.000000000000000000e+01,4.000000000000000000e+01
3.266465406417846680e+02,0.000000000000000000e+00,0.000000000000000000e+00,3.910099999999999909e+01,4.042000000000000171e+01,4.000000000000000000e+01,4.000000000000000000e+01
3.276556348800659180e+02,0.000000000000000000e+00,0.000000000000000000e+00,3.919800000000000040e+01,4.037100000000000222e+01,4.000000000000000000e+01,4.000000000000000000e+01
3.286703002452850342e+02,0.000000000000000000e+00,0.000000000000000000e+00,3.910099999999999909e+01,4.046900000000000119e+01,4.000000000000000000e+01,4.000000000000000000e+01
3.296771142482757568e+02,0.000000000000000000e+00,0.000000000000000000e+00,3.910099999999999909e+01,4.027400000000000091e+01,4.000000000000000000e+01,4.000000000000000000e+01
3.306840612888336182e+02,0.000000000000000000e+00,0.000000000000000000e+00,3.910099999999999909e+01,4.046900000000000119e+01,4.000000000000000000e+01,4.000000000000000000e+01
3.316936993598937988e+02,0.000000000000000000e+00,0.000000000000000000e+00,3.905199999999999960e+01,4.037100000000000222e+01,4.000000000000000000e+01,4.000000000000000000e+01
3.326986036300659180e+02,0.000000000000000000e+00,0.000000000000000000e+00,3.910099999999999909e+01,4.046900000000000119e+01,4.000000000000000000e+01,4.000000000000000000e+01
3.336995882987976074e+02,0.000000000000000000e+00,0.000000000000000000e+00,3.905199999999999960e+01,4.032300000000000040e+01,4.000000000000000000e+01,4.000000000000000000e+01
3.347051262855529785e+02,0.000000000000000000e+00,0.000000000000000000e+00,3.900300000000000011e+01,4.032300000000000040e+01,4.000000000000000000e+01,4.000000000000000000e+01
3.357212340831756592e+02,0.000000000000000000e+00,0.000000000000000000e+00,3.910099999999999909e+01,4.017600000000000193e+01,4.000000000000000000e+01,4.000000000000000000e+01
3.367298791408538818e+02,0.000000000000000000e+00,0.000000000000000000e+00,3.910099999999999909e+01,4.017600000000000193e+01,4.000000000000000000e+01,4.000000000000000000e+01
3.377333571910858154e+02,0.000000000000000000e+00,0.000000000000000000e+00,3.910099999999999909e+01,4.017600000000000193e+01,4.000000000000000000e+01,4.000000000000000000e+01
3.387343602180480957e+02,0.000000000000000000e+00,0.000000000000000000e+00,3.914999999999999858e+01,4.017600000000000193e+01,4.000000000000000000e+01,4.000000000000000000e+01
3.397447509765625000e+02,0.000000000000000000e+00,0.000000000000000000e+00,3.914999999999999858e+01,4.002900000000000347e+01,4.000000000000000000e+01,4.000000000000000000e+01
3.407488195896148682e+02,0.000000000000000000e+00,1.000000000000000000e+02,3.910099999999999909e+01,3.963799999999999812e+01,4.000000000000000000e+01,4.000000000000000000e+01
3.417503411769866943e+02,0.000000000000000000e+00,1.000000000000000000e+02,3.910099999999999909e+01,3.973599999999999710e+01,4.000000000000000000e+01,4.000000000000000000e+01
3.427506649494171143e+02,0.000000000000000000e+00,1.000000000000000000e+02,3.934499999999999886e+01,3.978499999999999659e+01,4.000000000000000000e+01,4.000000000000000000e+01
3.437661426067352295e+02,0.000000000000000000e+00,5.849999999999866418e+01,3.934499999999999886e+01,3.988300000000000267e+01,4.000000000000000000e+01,4.000000000000000000e+01
3.447702574729919434e+02,0.000000000000000000e+00,1.000000000000000000e+02,3.910099999999999909e+01,3.968699999999999761e+01,4.000000000000000000e+01,4.000000000000000000e+01
3.457850549221038818e+02,0.000000000000000000e+00,5.849999999999866418e+01,3.919800000000000040e+01,3.988300000000000267e+01,4.000000000000000000e+01,4.000000000000000000e+01
3.467858436107635498e+02,0.000000000000000000e+00,0.000000000000000000e+00,3.919800000000000040e+01,4.007800000000000296e+01,4.000000000000000000e+01,4.000000000000000000e+01
3.477869260311126709e+02,0.000000000000000000e+00,1.000000000000156319e+01,3.910099999999999909e+01,3.997999999999999687e+01,4.000000000000000000e+01,4.000000000000000000e+01
3.487953679561614990e+02,0.000000000000000000e+00,3.399999999999891998e+01,3.890500000000000114e+01,3.993200000000000216e+01,4.000000000000000000e+01,4.000000000000000000e+01
3.498058836460113525e+02,0.000000000000000000e+00,0.000000000000000000e+00,3.914999999999999858e+01,4.002900000000000347e+01,4.000000000000000000e+01,4.000000000000000000e+01
3.508079984188079834e+02,0.000000000000000000e+00,0.000000000000000000e+00,3.900300000000000011e+01,4.012700000000000244e+01,4.000000000000000000e+01,4.000000000000000000e+01
3.518176877498626709e+02,0.000000000000000000e+00,1.000000000000156319e+01,3.905199999999999960e+01,3.997999999999999687e+01,4.000000000000000000e+01,4.000000000000000000e+01
3.528186273574829102e+02,0.000000000000000000e+00,1.000000000000156319e+01,3.895400000000000063e+01,3.997999999999999687e+01,4.000000000000000000e+01,4.000000000000000000e+01
3.538189322948455811e+02,0.000000000000000000e+00,1.000000000000156319e+01,3.885600000000000165e+01,3.997999999999999687e+01,4.000000000000000000e+01,4.000000000000000000e+01
3.548210477828979492e+02,0.000000000000000000e+00,0.000000000000000000e+00,3.890500000000000114e+01,4.007800000000000296e+01,4.000000000000000000e+01,4.000000000000000000e+01
3.558344995975494385e+02,0.000000000000000000e+00,0.000000000000000000e+00,3.875900000000000034e+01,4.017600000000000193e+01,4.000000000000000000e+01,4.000000000000000000e+01
3.568375530242919922e+02,0.000000000000000000e+00,0.000000000000000000e+00,3.875900000000000034e+01,4.002900000000000347e+01,4.000000000000000000e+01,4.000000000000000000e+01
3.578474361896514893e+02,0.000000000000000000e+00,0.000000000000000000e+00,3.890500000000000114e+01,4.012700000000000244e+01,4.000000000000000000e+01,4.000000000000000000e+01
3.588603043556213379e+02,0.000000000000000000e+00,0.000000000000000000e+00,3.875900000000000034e+01,4.022500000000000142e+01,4.000000000000000000e+01,4.000000000000000000e+01
3.598723449707031250e+02,0.000000000000000000e+00,0.000000000000000000e+00,3.866100000000000136e+01,4.027400000000000091e+01,4.000000000000000000e+01,4.000000000000000000e+01
3.608736481666564941e+02,0.000000000000000000e+00,0.000000000000000000e+00,3.866100000000000136e+01,4.027400000000000091e+01,4.000000000000000000e+01,4.000000000000000000e+01
3.618868927955627441e+02,0.000000000000000000e+00,0.000000000000000000e+00,3.880700000000000216e+01,4.012700000000000244e+01,4.000000000000000000e+01,4.000000000000000000e+01
3.629023303985595703e+02,0.000000000000000000e+00,0.000000000000000000e+00,3.885600000000000165e+01,4.012700000000000244e+01,4.000000000000000000e+01,4.000000000000000000e+01
3.639152386188507080e+02,0.000000000000000000e+00,0.000000000000000000e+00,3.880700000000000216e+01,4.002900000000000347e+01,4.000000000000000000e+01,4.000000000000000000e+01
3.649158582687377930e+02,0.000000000000000000e+00,0.000000000000000000e+00,3.890500000000000114e+01,4.002900000000000347e+01,4.000000000000000000e+01,4.000000000000000000e+01
3.659165530204772949e+02,0.000000000000000000e+00,1.000000000000156319e+01,3.890500000000000114e+01,3.997999999999999687e+01,4.000000000000000000e+01,4.000000000000000000e+01
3.669242432117462158e+02,0.000000000000000000e+00,0.000000000000000000e+00,3.875900000000000034e+01,4.012700000000000244e+01,4.000000000000000000e+01,4.000000000000000000e+01
3.679295632839202881e+02,0.000000000000000000e+00,0.000000000000000000e+00,3.861200000000000188e+01,4.007800000000000296e+01,4.000000000000000000e+01,4.000000000000000000e+01
3.689390039443969727e+02,0.000000000000000000e+00,0.000000000000000000e+00,3.861200000000000188e+01,4.007800000000000296e+01,4.000000000000000000e+01,4.000000000000000000e+01
3.699548430442810059e+02,0.000000000000000000e+00,0.000000000000000000e+00,3.875900000000000034e+01,4.007800000000000296e+01,4.000000000000000000e+01,4.000000000000000000e+01
3.709611272811889648e+02,0.000000000000000000e+00,0.000000000000000000e+00,3.905199999999999960e+01,4.007800000000000296e+01,4.000000000000000000e+01,4.000000000000000000e+01
3.719674999713897705e+02,0.000000000000000000e+00,0.000000000000000000e+00,3.900300000000000011e+01,4.007800000000000296e+01,4.000000000000000000e+01,4.000000000000000000e+01
3.729700729846954346e+02,0.000000000000000000e+00,0.000000000000000000e+00,3.905199999999999960e+01,4.012700000000000244e+01,4.000000000000000000e+01,4.000000000000000000e+01
3.739837684631347656e+02,0.000000000000000000e+00,0.000000000000000000e+00,3.905199999999999960e+01,4.002900000000000347e+01,4.000000000000000000e+01,4.000000000000000000e+01
3.749938404560089111e+02,0.000000000000000000e+00,3.399999999999891998e+01,3.895400000000000063e+01,3.993200000000000216e+01,4.000000000000000000e+01,4.000000000000000000e+01
3.759942724704742432e+02,0.000000000000000000e+00,8.299999999999840838e+01,3.895400000000000063e+01,3.983400000000000318e+01,4.000000000000000000e+01,4.000000000000000000e+01
3.770080492496490479e+02,0.000000000000000000e+00,3.399999999999891998e+01,3.914999999999999858e+01,3.993200000000000216e+01,4.000000000000000000e+01,4.000000000000000000e+01
3.780116908550262451e+02,0.000000000000000000e+00,8.299999999999840838e+01,3.895400000000000063e+01,3.983400000000000318e+01,4.000000000000000000e+01,4.000000000000000000e+01
3.790124797821044922e+02,0.000000000000000000e+00,1.000000000000000000e+02,3.905199999999999960e+01,3.963799999999999812e+01,4.000000000000000000e+01,4.000000000000000000e+01
3.800247170925140381e+02,0.000000000000000000e+00,1.000000000000000000e+02,3.919800000000000040e+01,3.978499999999999659e+01,4.000000000000000000e+01,4.000000000000000000e+01
3.810267677307128906e+02,0.000000000000000000e+00,1.000000000000000000e+02,3.905199999999999960e+01,3.963799999999999812e+01,4.000000000000000000e+01,4.000000000000000000e+01
3.820343611240386963e+02,0.000000000000000000e+00,1.000000000000000000e+02,3.910099999999999909e+01,3.973599999999999710e+01,4.000000000000000000e+01,4.000000000000000000e+01
3.830443394184112549e+02,0.000000000000000000e+00,5.849999999999866418e+01,3.914999999999999858e+01,3.988300000000000267e+01,4.000000000000000000e+01,4.000000000000000000e+01
3.840454206466674805e+02,0.000000000000000000e+00,3.399999999999891998e+01,3.895400000000000063e+01,3.993200000000000216e+01,4.000000000000000000e+01,4.000000000000000000e+01
3.850461726188659668e+02,0.000000000000000000e+00,0.000000000000000000e+00,3.895400000000000063e+01,4.007800000000000296e+01,4.000000000000000000e+01,4.000000000000000000e+01
3.860494091510772705e+02,0.000000000000000000e+00,0.000000000000000000e+00,3.895400000000000063e+01,4.007800000000000296e+01,4.000000000000000000e+01,4.000000000000000000e+01
3.870577373504638672e+02,0.000000000000000000e+00,0.000000000000000000e+00,3.905199999999999960e+01,4.032300000000000040e+01,4.000000000000000000e+01,4.000000000000000000e+01
3.880726947784423828e+02,0.000000000000000000e+00,0.000000000000000000e+00,3.905199999999999960e+01,4.032300000000000040e+01,4.000000000000000000e+01,4.000000000000000000e+01
3.890786242485046387e+02,0.000000000000000000e+00,0.000000000000000000e+00,3.885600000000000165e+01,4.037100000000000222e+01,4.000000000000000000e+01,4.000000000000000000e+01
3.900833580493927002e+02,0.000000000000000000e+00,0.000000000000000000e+00,3.895400000000000063e+01,4.032300000000000040e+01,4.000000000000000000e+01,4.000000000000000000e+01
3.910863666534423828e+02,0.000000000000000000e+00,0.000000000000000000e+00,3.880700000000000216e+01,4.037100000000000222e+01,4.000000000000000000e+01,4.000000000000000000e+01
3.920894761085510254e+02,0.000000000000000000e+00,0.000000000000000000e+00,3.885600000000000165e+01,4.046900000000000119e+01,4.000000000000000000e+01,4.000000000000000000e+01
3.930925960540771484e+02,0.000000000000000000e+00,0.000000000000000000e+00,3.900300000000000011e+01,4.051800000000000068e+01,4.000000000000000000e+01,4.000000000000000000e+01
3.940988440513610840e+02,0.000000000000000000e+00,0.000000000000000000e+00,3.910099999999999909e+01,4.051800000000000068e+01,4.000000000000000000e+01,4.000000000000000000e+01
3.951002614498138428e+02,0.000000000000000000e+00,0.000000000000000000e+00,3.910099999999999909e+01,4.056700000000000017e+01,4.000000000000000000e+01,4.000000000000000000e+01
3.961074535846710205e+02,0.000000000000000000e+00,0.000000000000000000e+00,3.910099999999999909e+01,4.051800000000000068e+01,4.000000000000000000e+01,4.000000000000000000e+01
3.971163980960845947e+02,0.000000000000000000e+00,0.000000000000000000e+00,3.910099999999999909e+01,4.051800000000000068e+01,4.000000000000000000e+01,4.000000000000000000e+01
3.981281814575195312e+02,0.000000000000000000e+00,0.000000000000000000e+00,3.910099999999999909e+01,4.042000000000000171e+01,4.000000000000000000e+01,4.000000000000000000e+01
3.991303038597106934e+02,0.000000000000000000e+00,0.000000000000000000e+00,3.910099999999999909e+01,4.061599999999999966e+01,4.000000000000000000e+01,4.000000000000000000e+01
4.001465666294097900e+02,0.000000000000000000e+00,0.000000000000000000e+00,3.910099999999999909e+01,4.051800000000000068e+01,4.000000000000000000e+01,4.000000000000000000e+01
4.011485698223114014e+02,0.000000000000000000e+00,0.000000000000000000e+00,3.910099999999999909e+01,4.071399999999999864e+01,4.000000000000000000e+01,4.000000000000000000e+01
4.021497633457183838e+02,0.000000000000000000e+00,0.000000000000000000e+00,3.885600000000000165e+01,4.066499999999999915e+01,4.000000000000000000e+01,4.000000000000000000e+01
4.031505677700042725e+02,0.000000000000000000e+00,0.000000000000000000e+00,3.890500000000000114e+01,4.071399999999999864e+01,4.000000000000000000e+01,4.000000000000000000e+01
4.041520833969116211e+02,0.000000000000000000e+00,0.000000000000000000e+00,3.905199999999999960e+01,4.061599999999999966e+01,4.000000000000000000e+01,4.000000000000000000e+01
4.051570198535919189e+02,0.000000000000000000e+00,0.000000000000000000e+00,3.900300000000000011e+01,4.056700000000000017e+01,4.000000000000000000e+01,4.000000000000000000e+01
4.061679837703704834e+02,0.000000000000000000e+00,0.000000000000000000e+00,3.900300000000000011e+01,4.051800000000000068e+01,4.000000000000000000e+01,4.000000000000000000e+01
4.071719465255737305e+02,0.000000000000000000e+00,0.000000000000000000e+00,3.910099999999999909e+01,4.056700000000000017e+01,4.000000000000000000e+01,4.000000000000000000e+01
4.081736826896667480e+02,0.000000000000000000e+00,0.000000000000000000e+00,3.905199999999999960e+01,4.056700000000000017e+01,4.000000000000000000e+01,4.000000000000000000e+01
4.091761090755462646e+02,0.000000000000000000e+00,0.000000000000000000e+00,3.910099999999999909e+01,4.046900000000000119e+01,4.000000000000000000e+01,4.000000000000000000e+01
4.101857814788818359e+02,0.000000000000000000e+00,0.000000000000000000e+00,3.910099999999999909e+01,4.046900000000000119e+01,4.000000000000000000e+01,4.000000000000000000e+01
4.111896040439605713e+02,0.000000000000000000e+00,0.000000000000000000e+00,3.910099999999999909e+01,4.032300000000000040e+01,4.000000000000000000e+01,4.000000000000000000e+01
4.121910848617553711e+02,0.000000000000000000e+00,0.000000000000000000e+00,3.919800000000000040e+01,4.037100000000000222e+01,4.000000000000000000e+01,4.000000000000000000e+01
4.131917519569396973e+02,0.000000000000000000e+00,0.000000000000000000e+00,3.914999999999999858e+01,4.017600000000000193e+01,4.000000000000000000e+01,4.000000000000000000e+01
4.141999189853668213e+02,0.000000000000000000e+00,0.000000000000000000e+00,3.919800000000000040e+01,4.022500000000000142e+01,4.000000000000000000e+01,4.000000000000000000e+01
4.152031862735748291e+02,0.000000000000000000e+00,0.000000000000000000e+00,3.910099999999999909e+01,4.027400000000000091e+01,4.000000000000000000e+01,4.000000000000000000e+01
4.162111883163452148e+02,0.000000000000000000e+00,0.000000000000000000e+00,3.919800000000000040e+01,4.017600000000000193e+01,4.000000000000000000e+01,4.000000000000000000e+01
4.172182228565216064e+02,0.000000000000000000e+00,0.000000000000000000e+00,3.910099999999999909e+01,4.042000000000000171e+01,4.000000000000000000e+01,4.000000000000000000e+01
4.182187631130218506e+02,0.000000000000000000e+00,0.000000000000000000e+00,3.905199999999999960e+01,4.017600000000000193e+01,4.000000000000000000e+01,4.000000000000000000e+01
4.192310533523559570e+02,0.000000000000000000e+00,0.000000000000000000e+00,3.910099999999999909e+01,4.017600000000000193e+01,4.000000000000000000e+01,4.000000000000000000e+01
4.202318346500396729e+02,0.000000000000000000e+00,0.000000000000000000e+00,3.910099999999999909e+01,4.017600000000000193e+01,4.000000000000000000e+01,4.000000000000000000e+01
4.212329728603363037e+02,0.000000000000000000e+00,0.000000000000000000e+00,3.905199999999999960e+01,4.012700000000000244e+01,4.000000000000000000e+01,4.000000000000000000e+01
4.222338261604309082e+02,0.000000000000000000e+00,0.000000000000000000e+00,3.905199999999999960e+01,4.007800000000000296e+01,4.000000000000000000e+01,4.000000000000000000e+01
4.232412676811218262e+02,0.000000000000000000e+00,0.000000000000000000e+00,3.890500000000000114e+01,4.002900000000000347e+01,4.000000000000000000e+01,4.000000000000000000e+01
4.242421689033508301e+02,0.000000000000000000e+00,8.299999999999840838e+01,3.905199999999999960e+01,3.983400000000000318e+01,4.000000000000000000e+01,4.000000000000000000e+01
4.252458117008209229e+02,0.000000000000000000e+00,1.000000000000000000e+02,3.919800000000000040e+01,3.963799999999999812e+01,4.000000000000000000e+01,4.000000000000000000e+01
4.262470953464508057e+02,0.000000000000000000e+00,8.299999999999840838e+01,3.919800000000000040e+01,3.983400000000000318e+01,4.000000000000000000e+01,4.000000000000000000e+01
4.272565252780914307e+02,0.000000000000000000e+00,8.299999999999840838e+01,3.910099999999999909e+01,3.983400000000000318e+01,4.000000000000000000e+01,4.000000000000000000e+01
4.282629354000091553e+02,0.000000000000000000e+00,1.000000000000000000e+02,3.900300000000000011e+01,3.978499999999999659e+01,4.000000000000000000e+01,4.000000000000000000e+01
4.292654573917388916e+02,0.000000000000000000e+00,3.399999999999891998e+01,3.900300000000000011e+01,3.993200000000000216e+01,4.000000000000000000e+01,4.000000000000000000e+01
4.302677447795867920e+02,0.000000000000000000e+00,1.000000000000156319e+01,3.900300000000000011e+01,3.997999999999999687e+01,4.000000000000000000e+01,4.000000000000000000e+01
4.312686374187469482e+02,0.000000000000000000e+00,3.399999999999891998e+01,3.880700000000000216e+01,3.993200000000000216e+01,4.000000000000000000e+01,4.000000000000000000e+01
4.322697203159332275e+02,0.000000000000000000e+00,0.000000000000000000e+00,3.890500000000000114e+01,4.002900000000000347e+01,4.000000000000000000e+01,4.000000000000000000e+01
4.332704024314880371e+02,0.000000000000000000e+00,0.000000000000000000e+00,3.880700000000000216e+01,4.007800000000000296e+01,4.000000000000000000e+01,4.000000000000000000e+01
4.342801451683044434e+02,0.000000000000000000e+00,0.000000000000000000e+00,3.890500000000000114e+01,4.007800000000000296e+01,4.000000000000000000e+01,4.000000000000000000e+01
4.352937631607055664e+02,0.000000000000000000e+00,0.000000000000000000e+00,3.890500000000000114e+01,4.017600000000000193e+01,4.000000000000000000e+01,4.000000000000000000e+01
4.362952516078948975e+02,0.000000000000000000e+00,0.000000000000000000e+00,3.910099999999999909e+01,4.007800000000000296e+01,4.000000000000000000e+01,4.000000000000000000e+01
4.372960152626037598e+02,0.000000000000000000e+00,0.000000000000000000e+00,3.905199999999999960e+01,4.002900000000000347e+01,4.000000000000000000e+01,4.000000000000000000e+01
4.383007993698120117e+02,0.000000000000000000e+00,0.000000000000000000e+00,3.905199999999999960e+01,4.017600000000000193e+01,4.000000000000000000e+01,4.000000000000000000e+01
4.393029918670654297e+02,0.000000000000000000e+00,0.000000000000000000e+00,3.890500000000000114e+01,4.017600000000000193e+01,4.000000000000000000e+01,4.000000000000000000e+01
4.403112332820892334e+02,0.000000000000000000e+00,0.000000000000000000e+00,3.875900000000000034e+01,4.022500000000000142e+01,4.000000000000000000e+01,4.000000000000000000e+01
4.413119394779205322e+02,0.000000000000000000e+00,0.000000000000000000e+00,3.871000000000000085e+01,4.032300000000000040e+01,4.000000000000000000e+01,4.000000000000000000e+01
4.423161087036132812e+02,0.000000000000000000e+00,0.000000000000000000e+00,3.875900000000000034e+01,4.017600000000000193e+01,4.000000000000000000e+01,4.000000000000000000e+01
4.433167562484741211e+02,0.000000000000000000e+00,0.000000000000000000e+00,3.885600000000000165e+01,4.027400000000000091e+01,4.000000000000000000e+01,4.000000000000000000e+01
4.443246088027954102e+02,0.000000000000000000e+00,0.000000000000000000e+00,3.871000000000000085e+01,4.022500000000000142e+01,4.000000000000000000e+01,4.000000000000000000e+01
4.453256442546844482e+02,0.000000000000000000e+00,0.000000000000000000e+00,3.895400000000000063e+01,4.007800000000000296e+01,4.000000000000000000e+01,4.000000000000000000e+01
4.463299109935760498e+02,0.000000000000000000e+00,0.000000000000000000e+00,3.895400000000000063e+01,4.017600000000000193e+01,4.000000000000000000e+01,4.000000000000000000e+01
4.473348762989044189e+02,0.000000000000000000e+00,0.000000000000000000e+00,3.900300000000000011e+01,4.012700000000000244e+01,4.000000000000000000e+01,4.000000000000000000e+01
4.483435425758361816e+02,0.000000000000000000e+00,0.000000000000000000e+00,3.895400000000000063e+01,4.002900000000000347e+01,4.000000000000000000e+01,4.000000000000000000e+01
4.493542017936706543e+02,0.000000000000000000e+00,0.000000000000000000e+00,3.890500000000000114e+01,4.007800000000000296e+01,4.000000000000000000e+01,4.000000000000000000e+01
4.503586633205413818e+02,0.000000000000000000e+00,0.000000000000000000e+00,3.880700000000000216e+01,4.007800000000000296e+01,4.000000000000000000e+01,4.000000000000000000e+01
4.513655073642730713e+02,0.000000000000000000e+00,0.000000000000000000e+00,3.880700000000000216e+01,4.007800000000000296e+01,4.000000000000000000e+01,4.000000000000000000e+01
4.523660171031951904e+02,0.000000000000000000e+00,0.000000000000000000e+00,3.875900000000000034e+01,4.002900000000000347e+01,4.000000000000000000e+01,4.000000000000000000e+01
4.533701941967010498e+02,0.000000000000000000e+00,1.000000000000156319e+01,3.880700000000000216e+01,3.997999999999999687e+01,4.000000000000000000e+01,4.000000000000000000e+01
4.543741650581359863e+02,0.000000000000000000e+00,5.849999999999866418e+01,3.890500000000000114e+01,3.988300000000000267e+01,4.000000000000000000e+01,4.000000000000000000e+01
4.553758842945098877e+02,0.000000000000000000e+00,5.849999999999866418e+01,3.880700000000000216e+01,3.988300000000000267e+01,4.000000000000000000e+01,4.000000000000000000e+01
4.563777730464935303e+02,0.000000000000000000e+00,0.000000000000000000e+00,3.866100000000000136e+01,4.007800000000000296e+01,4.000000000000000000e+01,4.000000000000000000e+01
4.573813860416412354e+02,0.000000000000000000e+00,1.000000000000156319e+01,3.861200000000000188e+01,3.997999999999999687e+01,4.000000000000000000e+01,4.000000000000000000e+01
4.583878147602081299e+02,0.000000000000000000e+00,3.399999999999891998e+01,3.861200000000000188e+01,3.993200000000000216e+01,4.000000000000000000e+01,4.000000000000000000e+01
4.593973131179809570e+02,0.000000000000000000e+00,0.000000000000000000e+00,3.861200000000000188e+01,4.007800000000000296e+01,4.000000000000000000e+01,4.000000000000000000e+01
4.604025413990020752e+02,0.000000000000000000e+00,0.000000000000000000e+00,3.861200000000000188e+01,4.007800000000000296e+01,4.000000000000000000e+01,4.000000000000000000e+01
4.614037399291992188e+02,0.000000000000000000e+00,0.000000000000000000e+00,3.861200000000000188e+01,4.002900000000000347e+01,4.000000000000000000e+01,4.000000000000000000e+01
4.624051072597503662e+02,0.000000000000000000e+00,3.399999999999891998e+01,3.861200000000000188e+01,3.993200000000000216e+01,4.000000000000000000e+01,4.000000000000000000e+01
4.634168913364410400e+02,0.000000000000000000e+00,1.000000000000000000e+02,3.871000000000000085e+01,3.973599999999999710e+01,4.000000000000000000e+01,4.000000000000000000e+01
4.644178586006164551e+02,0.000000000000000000e+00,5.849999999999866418e+01,3.890500000000000114e+01,3.988300000000000267e+01,4.000000000000000000e+01,4.000000000000000000e+01
4.654330465793609619e+02,0.000000000000000000e+00,1.000000000000000000e+02,3.885600000000000165e+01,3.978499999999999659e+01,4.000000000000000000e+01,4.000000000000000000e+01
4.664354953765869141e+02,0.000000000000000000e+00,1.000000000000000000e+02,3.890500000000000114e+01,3.978499999999999659e+01,4.000000000000000000e+01,4.000000000000000000e+01
4.674391741752624512e+02,0.000000000000000000e+00,0.000000000000000000e+00,3.890500000000000114e+01,4.007800000000000296e+01,4.000000000000000000e+01,4.000000000000000000e+01
4.684430596828460693e+02,0.000000000000000000e+00,0.000000000000000000e+00,3.871000000000000085e+01,4.002900000000000347e+01,4.000000000000000000e+01,4.000000000000000000e+01
4.694435026645660400e+02,0.000000000000000000e+00,0.000000000000000000e+00,3.861200000000000188e+01,4.002900000000000347e+01,4.000000000000000000e+01,4.000000000000000000e+01
4.704465496540069580e+02,0.000000000000000000e+00,0.000000000000000000e+00,3.861200000000000188e+01,4.022500000000000142e+01,4.000000000000000000e+01,4.000000000000000000e+01
4.714479322433471680e+02,0.000000000000000000e+00,0.000000000000000000e+00,3.861200000000000188e+01,4.032300000000000040e+01,4.000000000000000000e+01,4.000000000000000000e+01
4.724568254947662354e+02,0.000000000000000000e+00,0.000000000000000000e+00,3.856300000000000239e+01,4.017600000000000193e+01,4.000000000000000000e+01,4.000000000000000000e+01
4.734573342800140381e+02,0.000000000000000000e+00,0.000000000000000000e+00,3.875900000000000034e+01,4.027400000000000091e+01,4.000000000000000000e+01,4.000000000000000000e+01
4.744587833881378174e+02,0.000000000000000000e+00,0.000000000000000000e+00,3.861200000000000188e+01,4.022500000000000142e+01,4.000000000000000000e+01,4.000000000000000000e+01
4.754658172130584717e+02,0.000000000000000000e+00,0.000000000000000000e+00,3.861200000000000188e+01,4.037100000000000222e+01,4.000000000000000000e+01,4.000000000000000000e+01
4.764727265834808350e+02,0.000000000000000000e+00,0.000000000000000000e+00,3.866100000000000136e+01,4.027400000000000091e+01,4.000000000000000000e+01,4.000000000000000000e+01
4.774793949127197266e+02,0.000000000000000000e+00,0.000000000000000000e+00,3.875900000000000034e+01,4.017600000000000193e+01,4.000000000000000000e+01,4.000000000000000000e+01
4.784799394607543945e+02,0.000000000000000000e+00,0.000000000000000000e+00,3.861200000000000188e+01,4.037100000000000222e+01,4.000000000000000000e+01,4.000000000000000000e+01
4.794806196689605713e+02,0.000000000000000000e+00,0.000000000000000000e+00,3.866100000000000136e+01,4.027400000000000091e+01,4.000000000000000000e+01,4.000000000000000000e+01
4.804959082603454590e+02,0.000000000000000000e+00,0.000000000000000000e+00,3.885600000000000165e+01,4.022500000000000142e+01,4.000000000000000000e+01,4.000000000000000000e+01
4.814976537227630615e+02,0.000000000000000000e+00,0.000000000000000000e+00,3.866100000000000136e+01,4.012700000000000244e+01,4.000000000000000000e+01,4.000000000000000000e+01
4.825103073120117188e+02,0.000000000000000000e+00,0.000000000000000000e+00,3.871000000000000085e+01,4.017600000000000193e+01,4.000000000000000000e+01,4.000000000000000000e+01
4.835139229297637939e+02,0.000000000000000000e+00,0.000000000000000000e+00,3.866100000000000136e+01,4.007800000000000296e+01,4.000000000000000000e+01,4.000000000000000000e+01
4.845146348476409912e+02,0.000000000000000000e+00,0.000000000000000000e+00,3.861200000000000188e+01,4.022500000000000142e+01,4.000000000000000000e+01,4.000000000000000000e+01
4.855241982936859131e+02,0.000000000000000000e+00,0.000000000000000000e+00,3.856300000000000239e+01,4.022500000000000142e+01,4.000000000000000000e+01,4.000000000000000000e+01
4.865308434963226318e+02,0.000000000000000000e+00,0.000000000000000000e+00,3.856300000000000239e+01,4.017600000000000193e+01,4.000000000000000000e+01,4.000000000000000000e+01
4.875328302383422852e+02,0.000000000000000000e+00,0.000000000000000000e+00,3.861200000000000188e+01,4.017600000000000193e+01,4.000000000000000000e+01,4.000000000000000000e+01
4.885371696949005127e+02,0.000000000000000000e+00,0.000000000000000000e+00,3.866100000000000136e+01,4.002900000000000347e+01,4.000000000000000000e+01,4.000000000000000000e+01
4.895433442592620850e+02,0.000000000000000000e+00,0.000000000000000000e+00,3.861200000000000188e+01,4.012700000000000244e+01,4.000000000000000000e+01,4.000000000000000000e+01
4.905448963642120361e+02,0.000000000000000000e+00,1.000000000000156319e+01,3.866100000000000136e+01,3.997999999999999687e+01,4.000000000000000000e+01,4.000000000000000000e+01
4.915499930381774902e+02,0.000000000000000000e+00,5.849999999999866418e+01,3.871000000000000085e+01,3.988300000000000267e+01,4.000000000000000000e+01,4.000000000000000000e+01
4.925527369976043701e+02,0.000000000000000000e+00,5.849999999999866418e+01,3.871000000000000085e+01,3.988300000000000267e+01,4.000000000000000000e+01,4.000000000000000000e+01
4.935649383068084717e+02,0.000000000000000000e+00,0.000000000000000000e+00,3.861200000000000188e+01,4.002900000000000347e+01,4.000000000000000000e+01,4.000000000000000000e+01
4.945715968608856201e+02,0.000000000000000000e+00,3.399999999999891998e+01,3.875900000000000034e+01,3.993200000000000216e+01,4.000000000000000000e+01,4.000000000000000000e+01
4.955756113529205322e+02,0.000000000000000000e+00,1.000000000000000000e+02,3.866100000000000136e+01,3.978499999999999659e+01,4.000000000000000000e+01,4.000000000000000000e+01
4.965774910449981689e+02,0.000000000000000000e+00,1.000000000000000000e+02,3.871000000000000085e+01,3.963799999999999812e+01,4.000000000000000000e+01,4.000000000000000000e+01
4.975783185958862305e+02,0.000000000000000000e+00,1.000000000000000000e+02,3.866100000000000136e+01,3.978499999999999659e+01,4.000000000000000000e+01,4.000000000000000000e+01
4.985790503025054932e+02,0.000000000000000000e+00,5.849999999999866418e+01,3.871000000000000085e+01,3.988300000000000267e+01,4.000000000000000000e+01,4.000000000000000000e+01
4.995795638561248779e+02,0.000000000000000000e+00,1.000000000000156319e+01,3.880700000000000216e+01,3.997999999999999687e+01,4.000000000000000000e+01,4.000000000000000000e+01
5.005831246376037598e+02,0.000000000000000000e+00,1.000000000000000000e+02,3.856300000000000239e+01,3.978499999999999659e+01,4.000000000000000000e+01,4.000000000000000000e+01
5.015858886241912842e+02,0.000000000000000000e+00,5.849999999999866418e+01,3.875900000000000034e+01,3.988300000000000267e+01,4.000000000000000000e+01,4.000000000000000000e+01
5.025866537094116211e+02,0.000000000000000000e+00,1.000000000000156319e+01,3.866100000000000136e+01,3.997999999999999687e+01,4.000000000000000000e+01,4.000000000000000000e+01
5.035885181427001953e+02,0.000000000000000000e+00,3.399999999999891998e+01,3.851400000000000290e+01,3.993200000000000216e+01,4.000000000000000000e+01,4.000000000000000000e+01
5.046032402515411377e+02,0.000000000000000000e+00,0.000000000000000000e+00,3.871000000000000085e+01,4.007800000000000296e+01,4.000000000000000000e+01,4.000000000000000000e+01
5.056042616367340088e+02,0.000000000000000000e+00,0.000000000000000000e+00,3.861200000000000188e+01,4.012700000000000244e+01,4.000000000000000000e+01,4.000000000000000000e+01
5.066089239120483398e+02,0.000000000000000000e+00,0.000000000000000000e+00,3.871000000000000085e+01,4.002900000000000347e+01,4.000000000000000000e+01,4.000000000000000000e+01
5.076234302520751953e+02,0.000000000000000000e+00,0.000000000000000000e+00,3.866100000000000136e+01,4.017600000000000193e+01,4.000000000000000000e+01,4.000000000000000000e+01
5.086244373321533203e+02,0.000000000000000000e+00,0.000000000000000000e+00,3.861200000000000188e+01,4.027400000000000091e+01,4.000000000000000000e+01,4.000000000000000000e+01
5.096250844001770020e+02,0.000000000000000000e+00,0.000000000000000000e+00,3.861200000000000188e+01,4.027400000000000091e+01,4.000000000000000000e+01,4.000000000000000000e+01
5.106340837478637695e+02,0.000000000000000000e+00,0.000000000000000000e+00,3.861200000000000188e+01,4.037100000000000222e+01,4.000000000000000000e+01,4.000000000000000000e+01
5.116418001651763916e+02,0.000000000000000000e+00,0.000000000000000000e+00,3.861200000000000188e+01,4.046900000000000119e+01,4.000000000000000000e+01,4.000000000000000000e+01
5.126427447795867920e+02,0.000000000000000000e+00,0.000000000000000000e+00,3.861200000000000188e+01,4.061599999999999966e+01,4.000000000000000000e+01,4.000000000000000000e+01
5.136503787040710449e+02,0.000000000000000000e+00,0.000000000000000000e+00,3.861200000000000188e+01,4.056700000000000017e+01,4.000000000000000000e+01,4.000000000000000000e+01
5.146547064781188965e+02,0.000000000000000000e+00,0.000000000000000000e+00,3.861200000000000188e+01,4.046900000000000119e+01,4.000000000000000000e+01,4.000000000000000000e+01
5.156559917926788330e+02,0.000000000000000000e+00,0.000000000000000000e+00,3.861200000000000188e+01,4.051800000000000068e+01,4.000000000000000000e+01,4.000000000000000000e+01
5.166580426692962646e+02,0.000000000000000000e+00,0.000000000000000000e+00,3.866100000000000136e+01,4.042000000000000171e+01,4.000000000000000000e+01,4.000000000000000000e+01
5.176628041267395020e+02,0.000000000000000000e+00,0.000000000000000000e+00,3.871000000000000085e+01,4.046900000000000119e+01,4.000000000000000000e+01,4.000000000000000000e+01
5.186638996601104736e+02,0.000000000000000000e+00,0.000000000000000000e+00,3.880700000000000216e+01,4.042000000000000171e+01,4.000000000000000000e+01,4.000000000000000000e+01
5.196775741577148438e+02,0.000000000000000000e+00,0.000000000000000000e+00,3.885600000000000165e+01,4.056700000000000017e+01,4.000000000000000000e+01,4.000000000000000000e+01
5.206789176464080811e+02,0.000000000000000000e+00,0.000000000000000000e+00,3.885600000000000165e+01,4.051800000000000068e+01,4.000000000000000000e+01,4.000000000000000000e+01
5.216822109222412109e+02,0.000000000000000000e+00,0.000000000000000000e+00,3.875900000000000034e+01,4.056700000000000017e+01,4.000000000000000000e+01,4.000000000000000000e+01
5.226827609539031982e+02,0.000000000000000000e+00,0.000000000000000000e+00,3.895400000000000063e+01,4.046900000000000119e+01,4.000000000000000000e+01,4.000000000000000000e+01
5.236839058399200439e+02,0.000000000000000000e+00,0.000000000000000000e+00,3.905199999999999960e+01,4.027400000000000091e+01,4.000000000000000000e+01,4.000000000000000000e+01
5.246898331642150879e+02,0.000000000000000000e+00,0.000000000000000000e+00,3.900300000000000011e+01,4.032300000000000040e+01,4.000000000000000000e+01,4.000000000000000000e+01
5.256974980831146240e+02,0.000000000000000000e+00,0.000000000000000000e+00,3.895400000000000063e+01,4.037100000000000222e+01,4.000000000000000000e+01,4.000000000000000000e+01
5.267010314464569092e+02,0.000000000000000000e+00,0.000000000000000000e+00,3.895400000000000063e+01,4.017600000000000193e+01,4.000000000000000000e+01,4.000000000000000000e+01
5.277029671669006348e+02,0.000000000000000000e+00,0.000000000000000000e+00,3.895400000000000063e+01,4.032300000000000040e+01,4.000000000000000000e+01,4.000000000000000000e+01
5.287136061191558838e+02,0.000000000000000000e+00,0.000000000000000000e+00,3.880700000000000216e+01,4.027400000000000091e+01,4.000000000000000000e+01,4.000000000000000000e+01
5.297186305522918701e+02,0.000000000000000000e+00,0.000000000000000000e+00,3.895400000000000063e+01,4.022500000000000142e+01,4.000000000000000000e+01,4.000000000000000000e+01
5.307242012023925781e+02,0.000000000000000000e+00,0.000000000000000000e+00,3.885600000000000165e+01,4.007800000000000296e+01,4.000000000000000000e+01,4.000000000000000000e+01
5.317246832847595215e+02,0.000000000000000000e+00,0.000000000000000000e+00,3.895400000000000063e+01,4.012700000000000244e+01,4.000000000000000000e+01,4.000000000000000000e+01
5.327252600193023682e+02,0.000000000000000000e+00,0.000000000000000000e+00,3.890500000000000114e+01,4.012700000000000244e+01,4.000000000000000000e+01,4.000000000000000000e+01
5.337265167236328125e+02,0.000000000000000000e+00,0.000000000000000000e+00,3.910099999999999909e+01,4.007800000000000296e+01,4.000000000000000000e+01,4.000000000000000000e+01
5.347310888767242432e+02,0.000000000000000000e+00,0.000000000000000000e+00,3.880700000000000216e+01,4.012700000000000244e+01,4.000000000000000000e+01,4.000000000000000000e+01
5.357313692569732666e+02,0.000000000000000000e+00,0.000000000000000000e+00,3.880700000000000216e+01,4.012700000000000244e+01,4.000000000000000000e+01,4.000000000000000000e+01
5.367317225933074951e+02,0.000000000000000000e+00,0.000000000000000000e+00,3.871000000000000085e+01,4.007800000000000296e+01,4.000000000000000000e+01,4.000000000000000000e+01
5.377328591346740723e+02,0.000000000000000000e+00,1.000000000000156319e+01,3.875900000000000034e+01,3.997999999999999687e+01,4.000000000000000000e+01,4.000000000000000000e+01
5.387427766323089600e+02,0.000000000000000000e+00,0.000000000000000000e+00,3.890500000000000114e+01,4.007800000000000296e+01,4.000000000000000000e+01,4.000000000000000000e+01
5.397574155330657959e+02,0.000000000000000000e+00,1.000000000000156319e+01,3.871000000000000085e+01,3.997999999999999687e+01,4.000000000000000000e+01,4.000000000000000000e+01
5.407643311023712158e+02,0.000000000000000000e+00,5.849999999999866418e+01,3.856300000000000239e+01,3.988300000000000267e+01,4.000000000000000000e+01,4.000000000000000000e+01
5.417795639038085938e+02,0.000000000000000000e+00,0.000000000000000000e+00,3.871000000000000085e+01,4.007800000000000296e+01,4.000000000000000000e+01,4.000000000000000000e+01
5.427901613712310791e+02,0.000000000000000000e+00,5.849999999999866418e+01,3.871000000000000085e+01,3.988300000000000267e+01,4.000000000000000000e+01,4.000000000000000000e+01
5.437948994636535645e+02,0.000000000000000000e+00,1.000000000000156319e+01,3.866100000000000136e+01,3.997999999999999687e+01,4.000000000000000000e+01,4.000000000000000000e+01
5.447956869602203369e+02,0.000000000000000000e+00,5.849999999999866418e+01,3.846500000000000341e+01,3.988300000000000267e+01,4.000000000000000000e+01,4.000000000000000000e+01
5.457967827320098877e+02,0.000000000000000000e+00,8.299999999999840838e+01,3.856300000000000239e+01,3.983400000000000318e+01,4.000000000000000000e+01,4.000000000000000000e+01
5.468095057010650635e+02,0.000000000000000000e+00,1.000000000000156319e+01,3.831900000000000261e+01,3.997999999999999687e+01,4.000000000000000000e+01,4.000000000000000000e+01
5.478229427337646484e+02,0.000000000000000000e+00,1.000000000000156319e+01,3.822099999999999653e+01,3.997999999999999687e+01,4.000000000000000000e+01,4.000000000000000000e+01
5.488239336013793945e+02,0.000000000000000000e+00,1.000000000000156319e+01,3.831900000000000261e+01,3.997999999999999687e+01,4.000000000000000000e+01,4.000000000000000000e+01
5.498291206359863281e+02,0.000000000000000000e+00,8.299999999999840838e+01,3.846500000000000341e+01,3.983400000000000318e+01,4.000000000000000000e+01,4.000000000000000000e+01
5.508395552635192871e+02,0.000000000000000000e+00,5.849999999999866418e+01,3.841599999999999682e+01,3.988300000000000267e+01,4.000000000000000000e+01,4.000000000000000000e+01
5.518473534584045410e+02,0.000000000000000000e+00,5.849999999999866418e+01,3.851400000000000290e+01,3.988300000000000267e+01,4.000000000000000000e+01,4.000000000000000000e+01
5.528480529785156250e+02,0.000000000000000000e+00,0.000000000000000000e+00,3.841599999999999682e+01,4.007800000000000296e+01,4.000000000000000000e+01,4.000000000000000000e+01
5.538601734638214111e+02,0.000000000000000000e+00,0.000000000000000000e+00,3.851400000000000290e+01,4.007800000000000296e+01,4.000000000000000000e+01,4.000000000000000000e+01
5.548617396354675293e+02,0.000000000000000000e+00,0.000000000000000000e+00,3.831900000000000261e+01,4.022500000000000142e+01,4.000000000000000000e+01,4.000000000000000000e+01
5.558739326000213623e+02,0.000000000000000000e+00,0.000000000000000000e+00,3.831900000000000261e+01,4.022500000000000142e+01,4.000000000000000000e+01,4.000000000000000000e+01
5.568747925758361816e+02,0.000000000000000000e+00,0.000000000000000000e+00,3.846500000000000341e+01,4.017600000000000193e+01,4.000000000000000000e+01,4.000000000000000000e+01
5.578756942749023438e+02,0.000000000000000000e+00,0.000000000000000000e+00,3.861200000000000188e+01,4.022500000000000142e+01,4.000000000000000000e+01,4.000000000000000000e+01
5.588874440193176270e+02,0.000000000000000000e+00,0.000000000000000000e+00,3.841599999999999682e+01,4.027400000000000091e+01,4.000000000000000000e+01,4.000000000000000000e+01
5.598954489231109619e+02,0.000000000000000000e+00,0.000000000000000000e+00,3.846500000000000341e+01,4.027400000000000091e+01,4.000000000000000000e+01,4.000000000000000000e+01
5.608978273868560791e+02,0.000000000000000000e+00,0.000000000000000000e+00,3.851400000000000290e+01,4.017600000000000193e+01,4.000000000000000000e+01,4.000000000000000000e+01
5.618998446464538574e+02,0.000000000000000000e+00,0.000000000000000000e+00,3.831900000000000261e+01,4.046900000000000119e+01,4.000000000000000000e+01,4.000000000000000000e+01
5.629026191234588623e+02,0.000000000000000000e+00,0.000000000000000000e+00,3.846500000000000341e+01,4.037100000000000222e+01,4.000000000000000000e+01,4.000000000000000000e+01
5.639038341045379639e+02,0.000000000000000000e+00,0.000000000000000000e+00,3.841599999999999682e+01,4.042000000000000171e+01,4.000000000000000000e+01,4.000000000000000000e+01
5.649042766094207764e+02,0.000000000000000000e+00,0.000000000000000000e+00,3.841599999999999682e+01,4.037100000000000222e+01,4.000000000000000000e+01,4.000000000000000000e+01
5.659052228927612305e+02,0.000000000000000000e+00,0.000000000000000000e+00,3.841599999999999682e+01,4.042000000000000171e+01,4.000000000000000000e+01,4.000000000000000000e+01
5.669209513664245605e+02,0.000000000000000000e+00,0.000000000000000000e+00,3.851400000000000290e+01,4.042000000000000171e+01,4.000000000000000000e+01,4.000000000000000000e+01
5.679213697910308838e+02,0.000000000000000000e+00,0.000000000000000000e+00,3.836800000000000210e+01,4.032300000000000040e+01,4.000000000000000000e+01,4.000000000000000000e+01
5.689365553855895996e+02,0.000000000000000000e+00,0.000000000000000000e+00,3.831900000000000261e+01,4.027400000000000091e+01,4.000000000000000000e+01,4.000000000000000000e+01
5.699463737010955811e+02,0.000000000000000000e+00,0.000000000000000000e+00,3.846500000000000341e+01,4.022500000000000142e+01,4.000000000000000000e+01,4.000000000000000000e+01
5.709470531940460205e+02,0.000000000000000000e+00,0.000000000000000000e+00,3.831900000000000261e+01,4.032300000000000040e+01,4.000000000000000000e+01,4.000000000000000000e+01
5.719480614662170410e+02,0.000000000000000000e+00,0.000000000000000000e+00,3.827000000000000313e+01,4.017600000000000193e+01,4.000000000000000000e+01,4.000000000000000000e+01
5.729560461044311523e+02,0.000000000000000000e+00,0.000000000000000000e+00,3.846500000000000341e+01,4.027400000000000091e+01,4.000000000000000000e+01,4.000000000000000000e+01
5.739667723178863525e+02,0.000000000000000000e+00,0.000000000000000000e+00,3.831900000000000261e+01,4.007800000000000296e+01,4.000000000000000000e+01,4.000000000000000000e+01
5.749717788696289062e+02,0.000000000000000000e+00,0.000000000000000000e+00,3.831900000000000261e+01,4.012700000000000244e+01,4.000000000000000000e+01,4.000000000000000000e+01
5.759730374813079834e+02,0.000000000000000000e+00,1.000000000000156319e+01,3.846500000000000341e+01,3.997999999999999687e+01,4.000000000000000000e+01,4.000000000000000000e+01
5.769787635803222656e+02,0.000000000000000000e+00,0.000000000000000000e+00,3.827000000000000313e+01,4.012700000000000244e+01,4.000000000000000000e+01,4.000000000000000000e+01
5.779895374774932861e+02,0.000000000000000000e+00,0.000000000000000000e+00,3.831900000000000261e+01,4.002900000000000347e+01,4.000000000000000000e+01,4.000000000000000000e+01
5.789980878829956055e+02,0.000000000000000000e+00,1.000000000000156319e+01,3.851400000000000290e+01,3.997999999999999687e+01,4.000000000000000000e+01,4.000000000000000000e+01
5.800079271793365479e+02,0.000000000000000000e+00,5.849999999999866418e+01,3.851400000000000290e+01,3.988300000000000267e+01,4.000000000000000000e+01,4.000000000000000000e+01
5.810231790542602539e+02,0.000000000000000000e+00,0.000000000000000000e+00,3.841599999999999682e+01,4.007800000000000296e+01,4.000000000000000000e+01,4.000000000000000000e+01
5.820256159305572510e+02,0.000000000000000000e+00,3.399999999999891998e+01,3.846500000000000341e+01,3.993200000000000216e+01,4.000000000000000000e+01,4.000000000000000000e+01
5.830380170345306396e+02,0.000000000000000000e+00,5.849999999999866418e+01,3.846500000000000341e+01,3.988300000000000267e+01,4.000000000000000000e+01,4.000000000000000000e+01
5.840481646060943604e+02,0.000000000000000000e+00,1.000000000000000000e+02,3.851400000000000290e+01,3.963799999999999812e+01,4.000000000000000000e+01,4.000000000000000000e+01
5.850633692741394043e+02,0.000000000000000000e+00,1.000000000000000000e+02,3.841599999999999682e+01,3.973599999999999710e+01,4.000000000000000000e+01,4.000000000000000000e+01
5.860660705566406250e+02,0.000000000000000000e+00,5.849999999999866418e+01,3.851400000000000290e+01,3.988300000000000267e+01,4.000000000000000000e+01,4.000000000000000000e+01
5.870699985027313232e+02,0.000000000000000000e+00,1.000000000000000000e+02,3.836800000000000210e+01,3.973599999999999710e+01,4.000000000000000000e+01,4.000000000000000000e+01
5.880735819339752197e+02,0.000000000000000000e+00,1.000000000000156319e+01,3.856300000000000239e+01,3.997999999999999687e+01,4.000000000000000000e+01,4.000000000000000000e+01
5.890793359279632568e+02,0.000000000000000000e+00,0.000000000000000000e+00,3.851400000000000290e+01,4.002900000000000347e+01,4.000000000000000000e+01,4.000000000000000000e+01
5.900915675163269043e+02,0.000000000000000000e+00,0.000000000000000000e+00,3.836800000000000210e+01,4.007800000000000296e+01,4.000000000000000000e+01,4.000000000000000000e+01
5.910954098701477051e+02,0.000000000000000000e+00,1.000000000000000000e+02,3.846500000000000341e+01,3.973599999999999710e+01,4.000000000000000000e+01,4.000000000000000000e+01
5.921015083789825439e+02,0.000000000000000000e+00,3.399999999999891998e+01,3.851400000000000290e+01,3.993200000000000216e+01,4.000000000000000000e+01,4.000000000000000000e+01
5.931033961772918701e+02,0.000000000000000000e+00,5.849999999999866418e+01,3.856300000000000239e+01,3.988300000000000267e+01,4.000000000000000000e+01,4.000000000000000000e+01
5.941063725948333740e+02,0.000000000000000000e+00,1.000000000000156319e+01,3.856300000000000239e+01,3.997999999999999687e+01,4.000000000000000000e+01,4.000000000000000000e+01
5.951082112789154053e+02,0.000000000000000000e+00,0.000000000000000000e+00,3.856300000000000239e+01,4.012700000000000244e+01,4.000000000000000000e+01,4.000000000000000000e+01
5.961122536659240723e+02,0.000000000000000000e+00,0.000000000000000000e+00,3.861200000000000188e+01,4.012700000000000244e+01,4.000000000000000000e+01,4.000000000000000000e+01
5.971271371841430664e+02,0.000000000000000000e+00,0.000000000000000000e+00,3.861200000000000188e+01,4.012700000000000244e+01,4.000000000000000000e+01,4.000000000000000000e+01
5.981385557651519775e+02,0.000000000000000000e+00,0.000000000000000000e+00,3.861200000000000188e+01,4.012700000000000244e+01,4.000000000000000000e+01,4.000000000000000000e+01
5.991485056877136230e+02,0.000000000000000000e+00,0.000000000000000000e+00,3.856300000000000239e+01,4.032300000000000040e+01,4.000000000000000000e+01,4.000000000000000000e+01
6.001616377830505371e+02,0.000000000000000000e+00,0.000000000000000000e+00,3.856300000000000239e+01,4.017600000000000193e+01,4.000000000000000000e+01,4.000000000000000000e+01
6.011730446815490723e+02,0.000000000000000000e+00,0.000000000000000000e+00,3.861200000000000188e+01,4.012700000000000244e+01,4.000000000000000000e+01,4.000000000000000000e+01
6.021755726337432861e+02,0.000000000000000000e+00,0.000000000000000000e+00,3.861200000000000188e+01,4.032300000000000040e+01,4.000000000000000000e+01,4.000000000000000000e+01
